"","V1","V2","V3","V4","V5","V6","V7","V8","V9"
"1","df.match.wg.csv","w.prod","0.186","*","(Intercept)","105.57","1","461","0"
"2","df.match.wg.csv","w.prod","0.008","","gender","3.69","1","461","0.055"
"3","df.match.wg.csv","w.prod","0.07","*","diag","34.58","1","461","0"
"4","df.match.wg.csv","w.prod","0.002","","gender:diag","0.71","1","461","0.401"
"5","df.match.wg.csv","w.und","0.449","*","(Intercept)","375.14","1","461","0"
"6","df.match.wg.csv","w.und","0.011","*","gender","5.23","1","461","0.023"
"7","df.match.wg.csv","w.und","0.104","*","diag","53.68","1","461","0"
"8","df.match.wg.csv","w.und","0.001","","gender:diag","0.26","1","461","0.609"
"9","df.match.wg.csv","early.ges","0.838","*","(Intercept)","2386.5","1","461","0"
"10","df.match.wg.csv","early.ges","0.007","","gender","3.1","1","461","0.079"
"11","df.match.wg.csv","early.ges","0.177","*","diag","99.4","1","461","0"
"12","df.match.wg.csv","early.ges","0.001","","gender:diag","0.36","1","461","0.548"
"13","df.match.wg.csv","later.ges","0.692","*","(Intercept)","1035.77","1","461","0"
"14","df.match.wg.csv","later.ges","0.012","*","gender","5.6","1","461","0.018"
"15","df.match.wg.csv","later.ges","0.149","*","diag","80.94","1","461","0"
"16","df.match.wg.csv","later.ges","0.005","","gender:diag","2.22","1","461","0.137"
"17","df.match.wg.csv","tot.ges","0.779","*","(Intercept)","1622.32","1","461","0"
"18","df.match.wg.csv","tot.ges","0.012","*","gender","5.49","1","461","0.02"
"19","df.match.wg.csv","tot.ges","0.179","*","diag","100.31","1","461","0"
"20","df.match.wg.csv","tot.ges","0.004","","gender:diag","1.7","1","461","0.193"
