"","V1","V2","V3","V4","V5","V6","V7","V8","V9"
"1","df.match.csbs2.csv","soc.pc","0.486","*","(Intercept)","860.91","1","910","0"
"2","df.match.csbs2.csv","soc.pc","0.012","*","gender","11.31","1","910","0.001"
"3","df.match.csbs2.csv","soc.pc","0.064","*","diag","62.2","1","910","0"
"4","df.match.csbs2.csv","soc.pc","0","","gender:diag","0.02","1","910","0.883"
"5","df.match.csbs2.csv","exp.pc","0.496","*","(Intercept)","894.33","1","910","0"
"6","df.match.csbs2.csv","exp.pc","0.008","*","gender","7.43","1","910","0.007"
"7","df.match.csbs2.csv","exp.pc","0.067","*","diag","65.86","1","910","0"
"8","df.match.csbs2.csv","exp.pc","0","","gender:diag","0.41","1","910","0.521"
"9","df.match.csbs2.csv","sym.pc","0.449","*","(Intercept)","743.02","1","910","0"
"10","df.match.csbs2.csv","sym.pc","0.012","*","gender","10.59","1","910","0.001"
"11","df.match.csbs2.csv","sym.pc","0.067","*","diag","65.44","1","910","0"
"12","df.match.csbs2.csv","sym.pc","0","","gender:diag","0.07","1","910","0.791"
"13","df.match.csbs2.csv","tot.pc","0.442","*","(Intercept)","719.63","1","910","0"
"14","df.match.csbs2.csv","tot.pc","0.013","*","gender","11.81","1","910","0.001"
"15","df.match.csbs2.csv","tot.pc","0.076","*","diag","74.36","1","910","0"
"16","df.match.csbs2.csv","tot.pc","0","","gender:diag","0.02","1","910","0.902"
