"","V1","V2","V3","V4","V5","V6","V7","V8","V9"
"1","df.match.vine2.csv","com","0.967","*","(Intercept)","53237.95","1","1803","0"
"2","df.match.vine2.csv","com","0.002","*","gender","4.46","1","1803","0.035"
"3","df.match.vine2.csv","com","0.408","*","diag","1240.66","1","1803","0"
"4","df.match.vine2.csv","com","0","","gender:diag","0.22","1","1803","0.638"
"5","df.match.vine2.csv","dly","0.975","*","(Intercept)","69167.76","1","1803","0"
"6","df.match.vine2.csv","dly","0.01","*","gender","18.04","1","1803","0"
"7","df.match.vine2.csv","dly","0.263","*","diag","642.34","1","1803","0"
"8","df.match.vine2.csv","dly","0.001","","gender:diag","1.57","1","1803","0.211"
"9","df.match.vine2.csv","mtr","0.984","*","(Intercept)","111172.63","1","1803","0"
"10","df.match.vine2.csv","mtr","0","","gender","0","1","1803","0.991"
"11","df.match.vine2.csv","mtr","0.122","*","diag","251.29","1","1803","0"
"12","df.match.vine2.csv","mtr","0","","gender:diag","0.04","1","1803","0.842"
"13","df.match.vine2.csv","soc","0.979","*","(Intercept)","85012.31","1","1803","0"
"14","df.match.vine2.csv","soc","0.003","*","gender","6.14","1","1803","0.013"
"15","df.match.vine2.csv","soc","0.38","*","diag","1106.3","1","1803","0"
"16","df.match.vine2.csv","soc","0","","gender:diag","0.39","1","1803","0.53"
"17","df.match.vine2.csv","adap","0.98","*","(Intercept)","87083.32","1","1803","0"
"18","df.match.vine2.csv","adap","0.005","*","gender","8.27","1","1803","0.004"
"19","df.match.vine2.csv","adap","0.424","*","diag","1327.82","1","1803","0"
"20","df.match.vine2.csv","adap","0","","gender:diag","0.76","1","1803","0.383"
