"","V1","V2","V3","V4","V5","V6","V7","V8","V9"
"1","df.match.ados2.csv","coso","0.763","*","(Intercept)","5810.13","1","1801","0"
"2","df.match.ados2.csv","coso","0","","gender","0.02","1","1801","0.891"
"3","df.match.ados2.csv","coso","0.601","*","diag","2717.32","1","1801","0"
"4","df.match.ados2.csv","coso","0.003","*","gender:diag","5.41","1","1801","0.02"
"5","df.match.ados2.csv","rr","0.625","*","(Intercept)","3002.49","1","1801","0"
"6","df.match.ados2.csv","rr","0.001","","gender","1.84","1","1801","0.175"
"7","df.match.ados2.csv","rr","0.518","*","diag","1935.8","1","1801","0"
"8","df.match.ados2.csv","rr","0","","gender:diag","0.07","1","1801","0.79"
"9","df.match.ados2.csv","tot","0.792","*","(Intercept)","6863.82","1","1801","0"
"10","df.match.ados2.csv","tot","0","","gender","0.14","1","1801","0.712"
"11","df.match.ados2.csv","tot","0.66","*","diag","3488.96","1","1801","0"
"12","df.match.ados2.csv","tot","0.002","","gender:diag","3.32","1","1801","0.069"
