"","Dataset","Variable","GES","P<.05","Effect","F_value","DFn","DFd","P_value"
"1","df.match.ados2.csv","coso","0.763","*","(Intercept)","5810.13","1","1801","0"
"2","df.match.ados2.csv","coso","0","","gender","0.02","1","1801","0.891"
"3","df.match.ados2.csv","coso","0.601","*","diag","2717.32","1","1801","0"
"4","df.match.ados2.csv","coso","0.003","*","gender:diag","5.41","1","1801","0.02"
"5","df.match.ados2.csv","rr","0.625","*","(Intercept)","3002.49","1","1801","0"
"6","df.match.ados2.csv","rr","0.001","","gender","1.84","1","1801","0.175"
"7","df.match.ados2.csv","rr","0.518","*","diag","1935.8","1","1801","0"
"8","df.match.ados2.csv","rr","0","","gender:diag","0.07","1","1801","0.79"
"9","df.match.ados2.csv","tot","0.792","*","(Intercept)","6863.82","1","1801","0"
"10","df.match.ados2.csv","tot","0","","gender","0.14","1","1801","0.712"
"11","df.match.ados2.csv","tot","0.66","*","diag","3488.96","1","1801","0"
"12","df.match.ados2.csv","tot","0.002","","gender:diag","3.32","1","1801","0.069"
"13","df.match.vine2.csv","com","0.967","*","(Intercept)","53237.95","1","1803","0"
"14","df.match.vine2.csv","com","0.002","*","gender","4.46","1","1803","0.035"
"15","df.match.vine2.csv","com","0.408","*","diag","1240.66","1","1803","0"
"16","df.match.vine2.csv","com","0","","gender:diag","0.22","1","1803","0.638"
"17","df.match.vine2.csv","dly","0.975","*","(Intercept)","69167.76","1","1803","0"
"18","df.match.vine2.csv","dly","0.01","*","gender","18.04","1","1803","0"
"19","df.match.vine2.csv","dly","0.263","*","diag","642.34","1","1803","0"
"20","df.match.vine2.csv","dly","0.001","","gender:diag","1.57","1","1803","0.211"
"21","df.match.vine2.csv","mtr","0.984","*","(Intercept)","111172.63","1","1803","0"
"22","df.match.vine2.csv","mtr","0","","gender","0","1","1803","0.991"
"23","df.match.vine2.csv","mtr","0.122","*","diag","251.29","1","1803","0"
"24","df.match.vine2.csv","mtr","0","","gender:diag","0.04","1","1803","0.842"
"25","df.match.vine2.csv","soc","0.979","*","(Intercept)","85012.31","1","1803","0"
"26","df.match.vine2.csv","soc","0.003","*","gender","6.14","1","1803","0.013"
"27","df.match.vine2.csv","soc","0.38","*","diag","1106.3","1","1803","0"
"28","df.match.vine2.csv","soc","0","","gender:diag","0.39","1","1803","0.53"
"29","df.match.vine2.csv","adap","0.98","*","(Intercept)","87083.32","1","1803","0"
"30","df.match.vine2.csv","adap","0.005","*","gender","8.27","1","1803","0.004"
"31","df.match.vine2.csv","adap","0.424","*","diag","1327.82","1","1803","0"
"32","df.match.vine2.csv","adap","0","","gender:diag","0.76","1","1803","0.383"
"33","df.match.mul2.csv","fm","0.953","*","(Intercept)","29242.24","1","1441","0"
"34","df.match.mul2.csv","fm","0.003","*","gender","4.37","1","1441","0.037"
"35","df.match.mul2.csv","fm","0.221","*","diag","409.25","1","1441","0"
"36","df.match.mul2.csv","fm","0","","gender:diag","0.17","1","1441","0.683"
"37","df.match.mul2.csv","vr","0.95","*","(Intercept)","27350.54","1","1441","0"
"38","df.match.mul2.csv","vr","0","","gender","0.54","1","1441","0.462"
"39","df.match.mul2.csv","vr","0.355","*","diag","793.86","1","1441","0"
"40","df.match.mul2.csv","vr","0.004","*","gender:diag","5.65","1","1441","0.018"
"41","df.match.mul2.csv","rl","0.884","*","(Intercept)","11034.73","1","1441","0"
"42","df.match.mul2.csv","rl","0","","gender","0.56","1","1441","0.456"
"43","df.match.mul2.csv","rl","0.451","*","diag","1185.1","1","1441","0"
"44","df.match.mul2.csv","rl","0.004","*","gender:diag","5.85","1","1441","0.016"
"45","df.match.mul2.csv","el","0.912","*","(Intercept)","14904.37","1","1441","0"
"46","df.match.mul2.csv","el","0.002","","gender","2.81","1","1441","0.094"
"47","df.match.mul2.csv","el","0.467","*","diag","1261.54","1","1441","0"
"48","df.match.mul2.csv","el","0","","gender:diag","0.05","1","1441","0.821"
"49","df.match.wg.csv","w.prod","0.186","*","(Intercept)","105.57","1","461","0"
"50","df.match.wg.csv","w.prod","0.008","","gender","3.69","1","461","0.055"
"51","df.match.wg.csv","w.prod","0.07","*","diag","34.58","1","461","0"
"52","df.match.wg.csv","w.prod","0.002","","gender:diag","0.71","1","461","0.401"
"53","df.match.wg.csv","w.und","0.449","*","(Intercept)","375.14","1","461","0"
"54","df.match.wg.csv","w.und","0.011","*","gender","5.23","1","461","0.023"
"55","df.match.wg.csv","w.und","0.104","*","diag","53.68","1","461","0"
"56","df.match.wg.csv","w.und","0.001","","gender:diag","0.26","1","461","0.609"
"57","df.match.wg.csv","early.ges","0.838","*","(Intercept)","2386.5","1","461","0"
"58","df.match.wg.csv","early.ges","0.007","","gender","3.1","1","461","0.079"
"59","df.match.wg.csv","early.ges","0.177","*","diag","99.4","1","461","0"
"60","df.match.wg.csv","early.ges","0.001","","gender:diag","0.36","1","461","0.548"
"61","df.match.wg.csv","later.ges","0.692","*","(Intercept)","1035.77","1","461","0"
"62","df.match.wg.csv","later.ges","0.012","*","gender","5.6","1","461","0.018"
"63","df.match.wg.csv","later.ges","0.149","*","diag","80.94","1","461","0"
"64","df.match.wg.csv","later.ges","0.005","","gender:diag","2.22","1","461","0.137"
"65","df.match.wg.csv","tot.ges","0.779","*","(Intercept)","1622.32","1","461","0"
"66","df.match.wg.csv","tot.ges","0.012","*","gender","5.49","1","461","0.02"
"67","df.match.wg.csv","tot.ges","0.179","*","diag","100.31","1","461","0"
"68","df.match.wg.csv","tot.ges","0.004","","gender:diag","1.7","1","461","0.193"
"69","unq.ws2.csv","w.prod","0.53","*","(Intercept)","1000.35","1","888","0"
"70","unq.ws2.csv","w.prod","0.008","*","gender","7.46","1","888","0.006"
"71","unq.ws2.csv","w.prod","0.327","*","diag","430.87","1","888","0"
"72","unq.ws2.csv","w.prod","0.01","*","gender:diag","9.11","1","888","0.003"
"73","df.match.csbs2.csv","soc.pc","0.486","*","(Intercept)","860.91","1","910","0"
"74","df.match.csbs2.csv","soc.pc","0.012","*","gender","11.31","1","910","0.001"
"75","df.match.csbs2.csv","soc.pc","0.064","*","diag","62.2","1","910","0"
"76","df.match.csbs2.csv","soc.pc","0","","gender:diag","0.02","1","910","0.883"
"77","df.match.csbs2.csv","exp.pc","0.496","*","(Intercept)","894.33","1","910","0"
"78","df.match.csbs2.csv","exp.pc","0.008","*","gender","7.43","1","910","0.007"
"79","df.match.csbs2.csv","exp.pc","0.067","*","diag","65.86","1","910","0"
"80","df.match.csbs2.csv","exp.pc","0","","gender:diag","0.41","1","910","0.521"
"81","df.match.csbs2.csv","sym.pc","0.449","*","(Intercept)","743.02","1","910","0"
"82","df.match.csbs2.csv","sym.pc","0.012","*","gender","10.59","1","910","0.001"
"83","df.match.csbs2.csv","sym.pc","0.067","*","diag","65.44","1","910","0"
"84","df.match.csbs2.csv","sym.pc","0","","gender:diag","0.07","1","910","0.791"
"85","df.match.csbs2.csv","tot.pc","0.442","*","(Intercept)","719.63","1","910","0"
"86","df.match.csbs2.csv","tot.pc","0.013","*","gender","11.81","1","910","0.001"
"87","df.match.csbs2.csv","tot.pc","0.076","*","diag","74.36","1","910","0"
"88","df.match.csbs2.csv","tot.pc","0","","gender:diag","0.02","1","910","0.902"
"89","df.match.geopref.csv","perc.soc","0.883","*","(Intercept)","7277.2","1","964","0"
"90","df.match.geopref.csv","perc.soc","0","","gender","0.28","1","964","0.594"
"91","df.match.geopref.csv","perc.soc","0.112","*","diag","121.27","1","964","0"
"92","df.match.geopref.csv","perc.soc","0","","gender:diag","0.06","1","964","0.808"
