"sid","gender","ethnicity","race","et.age","gender.1","diag","perc.soc","group"
"A2A4U","M","Hispanic or Latino","White",35.57,"M","TD",35.46,TRUE
"A2B2G","M","Not Hispanic or Latino","More Than One Race",18.9,"M","ASD",39.08,FALSE
"A2C4V","M","Not Hispanic or Latino","Black or African American",45.9,"M","ASD",67.4,FALSE
"A2C9K","M","Not Hispanic or Latino","White",36.07,"M","TD",43.21,TRUE
"A2F6A","M","Hispanic or Latino","White",31.53,"M","ASD",29.42,FALSE
"A2F7W","M","Not Hispanic or Latino","White",41.13,"M","ASD",66.16,FALSE
"A2H2K","M","Hispanic or Latino","White",26.77,"M","ASD",54.02,FALSE
"A2L3Q","M","Hispanic or Latino","Unknown or not reported",40.33,"M","ASD",70,FALSE
"A2L7T","M","Not Hispanic or Latino","Black or African American",42.6,"M","ASD",23.99,FALSE
"A2M3K","F","Not Hispanic or Latino","Black or African American",42.43,"F","ASD",56.32,FALSE
"A2N2G","M","Not Hispanic or Latino","Asian",29.47,"M","ASD",82.11,FALSE
"A2N9Q","M","Hispanic or Latino","Unknown or not reported",41.87,"M","ASD",26.42,FALSE
"A2Q5N","F","Not Hispanic or Latino","White",22.07,"F","TD",75.96,TRUE
"A2Q6L","M","Not Hispanic or Latino","White",15.73,"M","TD",85.65,TRUE
"A2R6F","M","Not Hispanic or Latino","More Than One Race",19.27,"M","ASD",72.89,FALSE
"A2R7Q","F","Not Hispanic or Latino","White",12.23,"F","TD",93.61,TRUE
"A2U6B","M","Hispanic or Latino","White",40,"M","TD",83.32,TRUE
"A2V4M","F","Hispanic or Latino","White",24.43,"F","TD",92.62,TRUE
"A2W5E","M","Not Hispanic or Latino","White",16.67,"M","TD",74.16,TRUE
"A2Y7Z","M","Not Hispanic or Latino","White",22.23,"M","ASD",68.49,FALSE
"A2Z6W","M","Not Hispanic or Latino","White",17.63,"M","ASD",92.56,FALSE
"A3B4Q","F","Not Hispanic or Latino","Asian",13.47,"F","ASD",81.44,FALSE
"A3B5Z","M","Hispanic or Latino","White",25.5,"M","TD",51.26,TRUE
"A3C7D","M","Not Hispanic or Latino","White",23.4,"M","ASD",67.72,FALSE
"A3D2V","M","Not Hispanic or Latino","White",19.07,"M","ASD",91.55,FALSE
"A3G2R","M","Not Hispanic or Latino","White",36.6,"M","ASD",68.21,FALSE
"A3H5E","M","Hispanic or Latino","Unknown or not reported",30.13,"M","ASD",91.55,FALSE
"A3J7T","M","Not Hispanic or Latino","White",30.53,"M","ASD",20.2,FALSE
"A3J9C","M","Not Hispanic or Latino","White",13.67,"M","TD",92.25,TRUE
"A3L3R","M","Not Hispanic or Latino","White",31.5,"M","ASD",82.54,FALSE
"A3N4D","M","Not Hispanic or Latino","White",24.57,"M","ASD",69.14,FALSE
"A3N9R","F","Hispanic or Latino","White",39.43,"F","TD",65.98,TRUE
"A3Q9F","M","Hispanic or Latino","More Than One Race",25.77,"M","ASD",42.49,FALSE
"A3R6G","M","Not Hispanic or Latino","More than one race",20.2,"M","ASD",63.64,FALSE
"A3S3U","M","Not Hispanic or Latino","Asian",40.13,"M","ASD",24.23,FALSE
"A3T2R","M","Hispanic or Latino","More Than One Race",26.7,"M","ASD",18.68613139,FALSE
"A3W6D","M","Not Hispanic or Latino","White",22.57,"M","ASD",96.62,FALSE
"A3Y2Z","F","Not Hispanic or Latino","White",41.7,"F","TD",74.10032715,TRUE
"A3Y6E","M","Hispanic or Latino","White",18.43,"M","TD",62.98,TRUE
"A3Z8T","M","Unknown or not reported","Unknown or not reported",37.9,"M","ASD",83.21199895,FALSE
"A4A9X","M","Hispanic or Latino","Unknown or not reported",28.77,"M","ASD",9.95,FALSE
"A4B6Y","M","Unknown or not reported","Unknown or not reported",34.47,"M","ASD",72.94193382,FALSE
"A4C4L","F","Not Hispanic or Latino","More Than One Race",34.2,"F","ASD",91.14,FALSE
"A4E3P","M","Not Hispanic or Latino","Unknown or not reported",43.73,"M","ASD",51.37,FALSE
"A4H7B","M","Not Hispanic or Latino","White",36.9,"M","ASD",80.84532374,FALSE
"A4K2B","M","Non-Hispanic","More Than One Race",17.53,"M","ASD",68.12071692,FALSE
"A4K2N","M","Not Hispanic or Latino","More Than One Race",18.57,"M","ASD",58.09,FALSE
"A4M3Y","F","Non-Hispanic","More Than One Race",18.23,"F","ASD",90.36525092,FALSE
"A4M6F","M","Not Hispanic or Latino","Black or African American",37.47,"M","ASD",50.95346639,FALSE
"A4M9X","M","Not Hispanic or Latino","More Than One Race",16.37,"M","ASD",98.14172958,FALSE
"A4N7W","M","Non-Hispanic","Native Hawaiian or other Pacific Islander",29.3,"M","ASD",8.251734956,FALSE
"A4P6G","M","Non-Hispanic","White",41.13,"M","ASD",66.35626314,FALSE
"A4Q2K","F","Unknown or not reported","White",21.77,"F","ASD",55.36562421,FALSE
"A4Q6Z","M","Not Hispanic or Latino","White",28.2,"M","TD",83.72,TRUE
"A4Q8J","M","Not Hispanic or Latino","White",33.57,"M","ASD",88.92,FALSE
"A4S6P","M","Not Hispanic or Latino","More than one race",45.07,"M","ASD",44.95,FALSE
"A4S8W","M","Not Hispanic or Latino","White",30.1,"M","ASD",63.56,FALSE
"A4U4H","F","Not Hispanic or Latino","White",12.27,"F","TD",21.90721198,TRUE
"A4X6L","F","Not Hispanic or Latino","Asian",15.63,"F","TD",66.57,TRUE
"A4X8G","M","Not Hispanic or Latino","More Than One Race",28.47,"M","ASD",37.01955792,FALSE
"A5A6T","M","Not Hispanic or Latino","More than one race",26.53,"M","ASD",33.51,FALSE
"A5B2K","M","Not Hispanic or Latino","White",43.03,"M","ASD",36.31,FALSE
"A5D9H","M","Not Hispanic or Latino","Asian",34,"M","ASD",6.71,FALSE
"A5E2F","M","Hispanic or Latino","White",14.97,"M","ASD",65.17765043,FALSE
"A5E4N","F","Hispanic or Latino","White",23.6,"F","ASD",80.60577648,FALSE
"A5E9P","M","Hispanic or Latino","White",27,"M","ASD",34.66756771,FALSE
"A5F8L","M","Hispanic or Latino","Hawaiian or Pacific Islander",23.2,"M","ASD",40.77564863,FALSE
"A5G5M","M","Not Hispanic or Latino","White",32,"M","ASD",21.96,FALSE
"A5H2B","F","Hispanic or Latino","White",28.53,"F","ASD",46.99770379,FALSE
"A5H4J","M","Hispanic or Latino","More Than One Race",42.57,"M","ASD",73.70430602,FALSE
"A5H7P","M","Hispanic or Latino","More Than One Race",29.13,"M","ASD",62.67839403,FALSE
"A5H8A","F","Hispanic or Latino","Unknown",29.37,"F","ASD",32.30940953,FALSE
"A5J2U","F","Not Hispanic or Latino","Unknown or not reported",16.03,"F","ASD",81.56,FALSE
"A5R8E","F","Non-Hispanic","Asian",27.17,"F","ASD",81.41205387,FALSE
"A5S7B","M","Not Hispanic or Latino","Black or African American",46.17,"M","ASD",30.15,FALSE
"A5V2H","F","Not Hispanic or Latino","White",42.77,"F","ASD",51.06,FALSE
"A5X2V","M","Non-Hispanic","White",28.93,"M","ASD",65.6202711,FALSE
"A5Y5J","M","Not Hispanic or Latino","White",12.03,"M","TD",94.39,TRUE
"A6A3P","F","Hispanic or Latino","White",27.33,"F","ASD",88.91735569,FALSE
"A6B3V","F","Unknown","Unknown",44.97,"F","ASD",90.02,FALSE
"A6B8W","M","Not Hispanic or Latino","White",23.2,"M","TD",87.59,TRUE
"A6C4Z","F","Not Hispanic or Latino","White",23.5,"F","TD",66.17,TRUE
"A6D2M","M","Hispanic or Latino","Unknown",31.47,"M","ASD",76.46403121,FALSE
"A6F9K","M","Not Hispanic or Latino","White",25.53,"M","TD",52.17,TRUE
"A6H7Q","M","Non-Hispanic","More Than One Race",44.13,"M","ASD",34.6,FALSE
"A6K9M","M","Hispanic or Latino","More Than One Race",31.73,"M","ASD",91.37,FALSE
"A6L4S","M","Hispanic or Latino","More Than One Race",43.2,"M","ASD",43.48,FALSE
"A6N2L","M","Hispanic or Latino","More than one race",38.3,"M","TD",58.05,TRUE
"A6N5R","M","Hispanic or Latino","White",16.7,"M","ASD",72.2,FALSE
"A6T3S","F","Unknown or not reported","Unknown or not reported",41.8,"F","ASD",59.35570301,FALSE
"A6X5D","M","Hispanic or Latino","More Than One Race",36.73,"M","ASD",66.46,FALSE
"A6Y9Z","M","Not Hispanic or Latino","Asian",34.2,"M","TD",91.82,TRUE
"A7B4H","F","Hispanic or Latino","Unknown",22.27,"F","ASD",10.69394096,FALSE
"A7B7Z","M","Hispanic or Latino","White",24.33,"M","ASD",26.4,FALSE
"A7B8L","F","Hispanic or Latino","Unknown or not reported",20.2,"F","ASD",14.4,FALSE
"A7F7D","M","Not Hispanic or Latino","White",16.07,"M","ASD",83.92,FALSE
"A7G8U","F","Not Hispanic or Latino","White",30.47,"F","TD",81.65,TRUE
"A7K5W","M","Hispanic or Latino","White",27.23,"M","ASD",19.26646373,FALSE
"A7L5R","M","Non-Hispanic","Asian",43.93,"M","ASD",64.82,FALSE
"A7P5M","F","Non-Hispanic","Asian",28.57,"F","ASD",22.0909961,FALSE
"A7W4M","M","Unknown","More Than One Race",26.93,"M","ASD",75.73844754,FALSE
"A7W4Y","M","Non-Hispanic","White",43.27,"M","ASD",84.94408145,FALSE
"A7Z3W","M","Hispanic or Latino","White",16.43,"M","ASD",53.18,FALSE
"A8A7H","M","Non-Hispanic","White",38.77,"M","ASD",80.91381418,FALSE
"A8F2Q","F","Non-Hispanic","White",24.2,"F","TD",82.06716281,TRUE
"A8G6N","F","Hispanic or Latino","White",12.13,"F","TD",82.34,TRUE
"A8J3J","M","Hispanic or Latino","White",18.77,"M","ASD",90.96,FALSE
"A8L7Z","M","Not Hispanic or Latino","White",46.07,"M","ASD",31.53,FALSE
"A8N8M","M","Not Hispanic or Latino","White",16.3,"M","TD",95.34,TRUE
"A8Q7D","M","Not Hispanic or Latino","Asian ",22.73,"M","TD",89.67,TRUE
"A8R9F","M","Non-Hispanic","More Than One Race",19.4,"M","ASD",97.86339041,FALSE
"A8Z8M","F","Unknown or not reported","Unknown or not reported",19.57,"F","ASD",20.48,FALSE
"A8Z9W","M","Non-Hispanic","More Than One Race",13.33,"M","ASD",54.43042658,FALSE
"A9B7Q","F","Hispanic or Latino","White",31.23,"F","ASD",21.39,FALSE
"A9D8P","F","Non-Hispanic","White",29.67,"F","ASD",34.99,FALSE
"A9D9M","M","Hispanic or Latino","More Than One Race",41.5,"M","TD",82.01841177,TRUE
"A9K9Q","M","Hispanic or Latino","White",33.23,"M","ASD",28.36,FALSE
"A9N6F","M","Hispanic or Latino","Unknown",14.07,"M","ASD",56.80991736,FALSE
"A9P5P","M","Not Hispanic or Latino","White",24.93,"M","TD",96.09,TRUE
"A9S6H","M","Hispanic or Latino","White",19.27,"M","ASD",66.18,FALSE
"B2G5F","F","Hispanic or Latino","American Indian or Alaska Native",21.73,"F","ASD",92.98218647,FALSE
"B2H5M","M","Non-Hispanic","White",17.97,"M","ASD",40.9910755,FALSE
"B2H6W","F","Non-Hispanic","Asian",14.03,"F","ASD",71.43,FALSE
"B2J9W","M","Unknown or not reported","Unknown or not reported",29.93,"M","ASD",84.56,FALSE
"B2M4E","M","Not Hispanic or Latino","White",27.53,"M","TD",88.68,TRUE
"B2Q4M","M","Not Hispanic or Latino","Asian",12.1,"M","TD",93.44,TRUE
"B2R7M","M","Hispanic or Latino","Unknown",19.07,"M","ASD",91.86024189,FALSE
"B3A6Z","F","Not Hispanic or Latino","White",17.1,"F","TD",96.97,TRUE
"B3D4Z","F","Hispanic or Latino","Unknown",43.33,"F","ASD",37.71,FALSE
"B3E4U","M","Hispanic or Latino","White",43.93,"M","ASD",41.65,FALSE
"B3H6L","M","Not Hispanic or Latino","Asian",44.23,"M","TD",78.41,TRUE
"B3P5R","F","Not Hispanic or Latino","Asian",41.5,"F","ASD",37.07,FALSE
"B3Z5W","M","Hispanic or Latino","More Than One Race",30.27,"M","ASD",48.44,FALSE
"B4J4L","M","Not Hispanic or Latino","White",30.73,"M","TD",78.09,TRUE
"B4J9A","M","Hispanic or Latino","White",14.33,"M","TD",96.18,TRUE
"B4P6Q","M","Hispanic or Latino","Unknown or not reported",19.07,"M","ASD",77.55,FALSE
"B4S5B","F","Non-Hispanic","White",20.37,"F","ASD",95.46,FALSE
"B4V3N","M","Unknown or not reported","Unknown or not reported",31.67,"M","ASD",63.83,FALSE
"B4X3P","M","Not Hispanic or Latino","Asian",46.7,"M","TD",63.21,TRUE
"B4X8Q","M","Not Hispanic or Latino","Asian",19.87,"M","ASD",67.1,FALSE
"B5Z4P","M","Hispanic or Latino","Unknown or not reported",14.2,"M","TD",88.91,TRUE
"B6C2P","M","Not Hispanic or Latino","White",37.13,"M","TD",85.95,TRUE
"B6J4N","M","Not Hispanic or Latino","White",23.27,"M","TD",81.65,TRUE
"B6M9W","M","Not Hispanic or Latino","Asian",39.27,"M","TD",55.32,TRUE
"B6N2H","F","Not Hispanic or Latino","Asian",13.37,"F","TD",69.5,TRUE
"B6N5N","M","Hispanic or Latino","More than one race",43.8,"M","ASD",20.86,FALSE
"B7Q2K","M","Hispanic or Latino","Unknown or not reported",38.63,"M","ASD",32.42,FALSE
"B7T5L","M","Not Hispanic or Latino","White",35.53,"M","TD",84.3,TRUE
"B8A2Q","F","Not Hispanic or Latino","White",13.57,"F","TD",100,TRUE
"B8H2B","F","Not Hispanic or Latino","More Than One Race",22.63,"F","ASD",36.5,FALSE
"B8K7D","M","Not Hispanic or Latino","White",22.5,"M","ASD",79.25,FALSE
"B8N5Q","M","Not Hispanic or Latino","White",19.9,"M","ASD",65.02,FALSE
"B8Y9Y","M","NOT HISPANIC OR LATINO","ASIAN",35.17,"M","ASD",57.36,FALSE
"B9G4Q","M","Not Hispanic or Latino","White",14.7,"M","TD",97.59,TRUE
"B9M7F","F","Not Hispanic or Latino","Asian",31.17,"F","TD",77.06,TRUE
"B9Q4U","M","Hispanic or Latino","White",21.13,"M","ASD",22.08,FALSE
"B9Q6D","M","Hispanic or Latino","White",21.23,"M","TD",72.61,TRUE
"B9T7J","M","Unknown or not reported","Unknown or not reported",22.3,"M","ASD",76.7,FALSE
"B9U8N","F","Not Hispanic or Latino","White",12.13,"F","TD",78.35,TRUE
"B9W3B","F","Not Hispanic or Latino","White",13.5,"F","TD",91.16,TRUE
"B9Y2E","M","Not Hispanic or Latino","White",26.1,"M","TD",75.91,TRUE
"C2A2S","M","Hispanic or Latino","White",28.17,"M","TD",83.26,TRUE
"C2A8R","M","Hispanic or Latino","White",22,"M","ASD",33.22,FALSE
"C2B9J","M","Not Hispanic or Latino","More Than One Race",26.03,"M","ASD",77.95,FALSE
"C2F2C","M","Not Hispanic or Latino","White",37.73,"M","TD",70.22,TRUE
"C2J7L","M","Not Hispanic or Latino","White",34.03,"M","TD",70.98,TRUE
"C2K2E","M","Not Hispanic or Latino","White",41.1,"M","ASD",2.73,FALSE
"C2K3C","F","Not Hispanic or Latino","White",24.03,"F","TD",58.81,TRUE
"C2S4W","F","Hispanic or Latino","White",21.97,"F","ASD",62.06,FALSE
"C2Y7G","M","Not Hispanic or Latino","White",19.27,"M","TD",98.6,TRUE
"C2Z7Z","M","Not Hispanic or Latino","White",36.8,"M","ASD",92.97,FALSE
"C3G5D","M","Unknown or not reported","Unknown or not reported",21.73,"M","ASD",50.13,FALSE
"C3U6U","M","Not Hispanic or Latino","White",15.67,"M","TD",99.04,TRUE
"C3W5L","M","Not Hispanic or Latino","White",48.47,"M","TD",67.96,TRUE
"C3Z8M","F","Not Hispanic or Latino","White",27.3,"F","ASD",66.9,FALSE
"C4E3H","M","Not Hispanic or Latino","White",21.97,"M","ASD",43.87,FALSE
"C4G5E","M","Not Hispanic or Latino","White",12.67,"M","ASD",67.88,FALSE
"C4J5F","F","Not Hispanic or Latino","White",43.1,"F","TD",85.46,TRUE
"C4Q7E","M","Not Hispanic or Latino","White",22.4,"M","TD",64.53,TRUE
"C4W5A","M","Not Hispanic or Latino","White",15.97,"M","ASD",94.53,FALSE
"C5E7M","F","Not Hispanic or Latino","White",19.57,"F","TD",88.16,TRUE
"C5F6J","M","Not Hispanic or Latino","White",22.73,"M","TD",86.09,TRUE
"C5J8M","M","Not Hispanic or Latino","White",19.1,"M","ASD",97.44,FALSE
"C5L9L","M","Not Hispanic or Latino","Asian",20.3,"M","ASD",49.12,FALSE
"C5S4B","F","Hispanic or Latino","Unknown or not reported",45.8,"F","TD",72.62,TRUE
"C5T3W","M","Not Hispanic or Latino","More than one race",36.37,"M","TD",60.95,TRUE
"C5V2N","M","Not Hispanic or Latino","White",12.47,"M","TD",96.25,TRUE
"C6F3R","M","Not Hispanic or Latino","White",24.43,"M","ASD",20.64,FALSE
"C6G4V","M","Not Hispanic or Latino","White",18.5,"M","ASD",52.71,FALSE
"C6P6C","M","Hispanic or Latino","White",27.97,"M","ASD",71.57,FALSE
"C6U9E","M","Not Hispanic or Latino","White",13.63,"M","TD",20,TRUE
"C6Y3H","M","Hispanic or Latino","Black or African American",26.5,"M","TD",95.03,TRUE
"C7H6Y","F","Hispanic or Latino","More Than One Race",20.63,"F","ASD",57.09,FALSE
"C7L5W","M","Not Hispanic or Latino","White",15.5,"M","ASD",68.01,FALSE
"C8D9R","M","Unknown or not reported","Unknown or not reported",13.2,"M","TD",28.76,TRUE
"C8G7E","M","Not Hispanic or Latino","More than one race",29.97,"M","ASD",66.22,FALSE
"C8G9Y","M","Hispanic or Latino","More Than One Race",21.9,"M","ASD",91.61,FALSE
"C9E7E","M","Not Hispanic or Latino","White",18.9,"M","TD",78.34,TRUE
"C9F8J","F","Not Hispanic or Latino","Asian",40.47,"F","TD",65.63,TRUE
"C9G7S","M","Not Hispanic or Latino","White",17.43,"M","TD",83.25,TRUE
"C9H2X","M","not hispanic or latino","Black or African American",28.07,"M","ASD",9.97,FALSE
"C9K5F","M","Hispanic or Latino","Unknown or not reported",30.43,"M","ASD",70.46,FALSE
"C9Q8H","F","Unknown or not reported","Unknown or not reported",19.23,"F","ASD",62.01,FALSE
"C9R3B","F","Not Hispanic or Latino","Black or African American",33.3,"F","ASD",23.95,FALSE
"C9S3U","M","Not Hispanic or Latino","Unknown or not reported",14.9,"M","ASD",83.64,FALSE
"C9Z7V","M","Not Hispanic or Latino","White",19.13,"M","ASD",98.41,FALSE
"D2L2H","M","Not Hispanic or Latino","White",17.17,"M","TD",81.71,TRUE
"D2N6A","M","Not Hispanic or Latino","White",21.37,"M","ASD",83.45,FALSE
"D2S3J","M","Not Hispanic or Latino","Asian",36.67,"M","TD",76.35,TRUE
"D3C6U","F","Unknown or not reported","Asian",20.27,"F","ASD",8.64,FALSE
"D3G9D","M","Not Hispanic or Latino","White",28.8,"M","TD",93.52,TRUE
"D3H4J","M","Not Hispanic or Latino","White",30.63,"M","ASD",43.31,FALSE
"D3M3N","F","Not Hispanic or Latino","White",27.37,"F","ASD",92.61,FALSE
"D3M7R","M","Hispanic or Latino","White",23.67,"M","ASD",61.06,FALSE
"D4A9B","M","Not Hispanic or Latino","More than one race",12.1,"M","TD",93.49,TRUE
"D4F4J","M","Not Hispanic or Latino","White",17.73,"M","TD",93.54,TRUE
"D4H3A","M","Not Hispanic or Latino","Asian",42.7,"M","ASD",44.63,FALSE
"D4S5T","F","Not Hispanic or Latino","Asian",28.27,"F","TD",61.64,TRUE
"D4T8T","F","Not Hispanic or Latino","Black or African American",21.37,"F","ASD",73.6,FALSE
"D4X9T","F","Not Hispanic or Latino","More than one race",13.87,"F","TD",97.95,TRUE
"D5C3E","M","Not Hispanic or Latino","White",23.13,"M","ASD",52.41,FALSE
"D5J7X","F","Not Hispanic or Latino","White",46.27,"F","ASD",60.98,FALSE
"D5Q3X","M","not hispanic or latino","American Indian/Alaska Native",27.5,"M","ASD",87.85,FALSE
"D5U7E","M","Unknown or not reported","Unknown or not reported",29.43,"M","ASD",83.43,FALSE
"D6N4J","F","Not Hispanic or Latino","Asian",16.43,"F","ASD",57.8,FALSE
"D6R6A","M","Unknown or not reported","Asian",28.37,"M","TD",57.06,TRUE
"D6V8W","M","Hispanic or Latino","Unknown or not reported",17.1,"M","ASD",6.68,FALSE
"D6Y7U","M","Not Hispanic or Latino","White",39.67,"M","TD",93.23,TRUE
"D7L2Z","M","Not Hispanic or Latino","White",28.73,"M","ASD",21.46,FALSE
"D7X7P","M","Hispanic or Latino","Asian",20.7,"M","TD",65.93,TRUE
"D7X9W","M","Hispanic or Latino","White",16.33,"M","ASD",42.2,FALSE
"D8A3T","M","Not Hispanic or Latino","White",15.53,"M","ASD",33.68,FALSE
"D8G5S","M","Not Hispanic or Latino","Asian",44.37,"M","ASD",34.93,FALSE
"D8Q4M","M","Not Hispanic or Latino","White",28.83,"M","ASD",39.44,FALSE
"D8R4T","M","Not Hispanic or Latino","More than one race",32.07,"M","TD",81.18,TRUE
"D8R7A","M","Not Hispanic or Latino","White",12.3,"M","TD",77.18,TRUE
"D9D7G","M","Not Hispanic or Latino","White",14.67,"M","ASD",62.15,FALSE
"D9H5N","M","Not Hispanic or Latino","White",30.57,"M","TD",80.69,TRUE
"D9J7Q","M","Not Hispanic or Latino","Unknown or not reported",39.5,"M","ASD",19.33,FALSE
"D9N5W","M","Not Hispanic or Latino","Black or African American",39.03,"M","TD",39.89,TRUE
"D9Q4B","M","Not Hispanic or Latino","More Than One Race",26.9,"M","ASD",93.69,FALSE
"D9S5M","M","Hispanic or Latino","White",30.63,"M","TD",25.05,TRUE
"D9X8P","M","Not Hispanic or Latino","White",24.37,"M","ASD",92.14,FALSE
"E2N4N","F","Not Hispanic or Latino","White",31.07,"F","ASD",40.38,FALSE
"E2P4U","M","Not Hispanic or Latino","More Than One Race",28.17,"M","ASD",46.09,FALSE
"E2T6S","F","Not Hispanic or Latino","White",36.63,"F","TD",64.43,TRUE
"E2T8N","M","Hispanic or Latino","Black or African American",17.1,"M","ASD",85.36,FALSE
"E3G9Y","M","Not Hispanic or Latino","Unknown or not reported",15.17,"M","TD",85.52,TRUE
"E3H2K","M","Not Hispanic or Latino","White",18.8,"M","ASD",85.7,FALSE
"E3N5Y","F","Not Hispanic or Latino","More Than One Race",47.33,"F","TD",84.51,TRUE
"E3V9B","F","Hispanic or Latino","More than one race",43.57,"F","TD",40.86,TRUE
"E3Z3E","M","Not Hispanic or Latino","White",33.2,"M","TD",80.4,TRUE
"E4E6G","M","Not Hispanic or Latino","More than one race",32.63,"M","ASD",3.85,FALSE
"E4J5X","M","Hispanic or Latino","White",22.4,"M","ASD",69.29,FALSE
"E4N3S","F","Hispanic or Latino","Unknown or not reported",44.7,"F","TD",41.96,TRUE
"E4N8T","F","Not Hispanic or Latino","White",21.77,"F","ASD",76.41,FALSE
"E4Q4R","M","Hispanic or Latino","White",13.7,"M","ASD",96.69,FALSE
"E4Q7W","M","Not Hispanic or Latino","Asian",20,"M","ASD",85.14,FALSE
"E4T8Q","F","Not Hispanic or Latino","White",35.43,"F","TD",58.22,TRUE
"E5C4X","M","Hispanic or Latino","White",40.5,"M","ASD",85.26,FALSE
"E5C5J","M","Hispanic or Latino","White",42.17,"M","ASD",44.7,FALSE
"E5E2R","M","Not Hispanic or Latino ","White",12.03,"M","TD",85.31,TRUE
"E5E5K","M","Hispanic or Latino","Unknown or not reported",19.7,"M","TD",72.04,TRUE
"E5F8W","M","Not Hispanic or Latino","White",16.17,"M","TD",79.37,TRUE
"E5G4N","F","Hispanic or Latino","White",14.37,"F","ASD",73.16,FALSE
"E5Q3U","M","Not Hispanic or Latino","Asian",27.8,"M","TD",76.25,TRUE
"E5S4G","M","Not Hispanic or Latino","White",14.47,"M","ASD",66.7,FALSE
"E6F3W","F","Not Hispanic or Latino","White",20.07,"F","TD",94.19,TRUE
"E6G9D","F","Not Hispanic or Latino","White",21.03,"F","TD",73.91,TRUE
"E6H7P","F","Not Hispanic or Latino","White",32.6,"F","TD",81.2,TRUE
"E6N6N","F","Not Hispanic or Latino","White",17.8,"F","TD",78.32,TRUE
"E6R6V","M","Hispanic or Latino","White",17,"M","ASD",90.08,FALSE
"E6W4W","F","Not Hispanic or Latino","More than one race",27.1,"F","TD",39.58,TRUE
"E6X6M","M","Hispanic or Latino","Unknown or not reported",20.7,"M","ASD",66.97,FALSE
"E6Y3N","M","Not Hispanic or Latino","White",29.77,"M","ASD",69.22,FALSE
"E7A4M","M","Not Hispanic or Latino","Black or African American",21.97,"M","TD",53.92,TRUE
"E7E5Y","M","Not Hispanic or Latino","White",15.83,"M","ASD",89.74,FALSE
"E7Q3K","M","Not Hispanic or Latino","More Than One Race",18.7,"M","ASD",71.01,FALSE
"E7Q8L","M","Hispanic or Latino","White",15.13,"M","ASD",96.54,FALSE
"E7V8H","M","Not Hispanic or Latino","White",20.7,"M","ASD",78.56,FALSE
"E8H5V","M","Not Hispanic or Latino","White",27.7,"M","TD",33.96,TRUE
"E8J2K","M","Not Hispanic or Latino","White",30.3,"M","ASD",51.67,FALSE
"E8J5D","F","Not Hispanic or Latino","White",13.1,"F","TD",99.4,TRUE
"E8K5K","M","Not Hispanic or Latino","Asian",17.17,"M","ASD",51.96,FALSE
"E8P7H","M","Not Hispanic or Latino","Unknown or not reported",45.1,"M","ASD",58.74,FALSE
"E8V9G","M","Not Hispanic or Latino","More than one race",14.27,"M","TD",96.57,TRUE
"E9B9K","M","Unknown or not reported","Unknown or not reported",33.9,"M","TD",80.62,TRUE
"E9L7B","F","Hispanic or Latino","White",15.63,"F","TD",82.45,TRUE
"E9Y7U","M","Not Hispanic or Latino","White",42.73,"M","TD",50.96,TRUE
"F2C4E","F","Not Hispanic or Latino","More than one race",33.03,"F","ASD",65.07,FALSE
"F2D5V","F","Not Hispanic or Latino","White",24.37,"F","TD",87.12,TRUE
"F2E6N","F","Not Hispanic or Latino","White",16.53,"F","TD",97.18,TRUE
"F2G2L","M","Not Hispanic or Latino","White",32.97,"M","TD",100,TRUE
"F2J3K","F","Hispanic or Latino","White",34.6,"F","TD",73.2,TRUE
"F2T3J","F","Not Hispanic or Latino","White",39.6,"F","TD",64.49,TRUE
"F3B8C","F","Not Hispanic or Latino","More than one race",35.13,"F","ASD",73.72,FALSE
"F3Q9B","M","Not Hispanic or Latino","White",43.57,"M","TD",65.57,TRUE
"F3V2B","M","Hispanic or Latino","White",18,"M","ASD",14.17,FALSE
"F4G5G","M","Not Hispanic or Latino","White",15.17,"M","ASD",22.78,FALSE
"F4L5V","M","Hispanic or Latino","Unknown or not reported",18.6,"M","ASD",31.44,FALSE
"F4Z9B","M","Hispanic or Latino","White",37.7,"M","TD",90.13,TRUE
"F5A3V","F","Not Hispanic or Latino","Asian",15.1,"F","ASD",69.03,FALSE
"F5B2F","M","Not Hispanic or Latino","White",40.27,"M","TD",68.48,TRUE
"F5L2E","F","Not Hispanic or Latino","White",13.27,"F","TD",98.98,TRUE
"F5R4V","F","Not Hispanic or Latino","Asian",12.2,"F","TD",87.53,TRUE
"F5T7Q","M","Not Hispanic or Latino","White",30.3,"M","TD",95.61,TRUE
"F5U3G","M","Not Hispanic or Latino","White",19.27,"M","ASD",87.56,FALSE
"F5Z4Z","F","Not Hispanic or latino","White",16.37,"F","TD",81.36,TRUE
"F6F2V","M","Not Hispanic or Latino","Asian",27.77,"M","ASD",47.86,FALSE
"F6J7S","M","Not Hispanic or Latino","White",22.1,"M","TD",94.98,TRUE
"F7C5U","F","Hispanic or Latino","White",35.17,"F","TD",70.04,TRUE
"F7X5A","M","Not Hispanic or Latino","White",37.4,"M","TD",95.62,TRUE
"F7Y9K","F","Hispanic or Latino","White",42.3,"F","ASD",33.72,FALSE
"F8B2V","M","Not Hispanic or Latino","White",19.6,"M","TD",77.17,TRUE
"F8G9C","F","Unknown or not reported","Unknown or not reported",19.17,"F","TD",87.79,TRUE
"F8K9W","M","Not Hispanic or Latino","Asian",21.37,"M","ASD",63.45,FALSE
"F8P3B","M","Not Hispanic or Latino","White",33.83,"M","TD",60.21,TRUE
"F8P3Z","M","Hispanic or Latino","White",26.33,"M","ASD",77.12,FALSE
"F8R3C","M","Not Hispanic or Latino","White",30.5,"M","TD",93.09,TRUE
"F9M3N","M","Hispanic or Latino","Unknown or not reported",31.07,"M","ASD",41.93,FALSE
"F9N7X","F","Not Hispanic or Latino","White",13.6,"F","TD",91.61,TRUE
"F9U6E","F","Hispanic or Latino","Asian",22.63,"F","TD",77.92,TRUE
"F9Y8C","F","Not Hispanic or Latino","White",15.67,"F","TD",81.33,TRUE
"G2F2B","F","Not Hispanic or Latino","White",12.53,"F","ASD",82.35,FALSE
"G3B3W","F","Not Hispanic or Latino","White",33.2,"F","TD",67.62,TRUE
"G3C5Y","M","Hispanic or Latino","White",40.2,"M","ASD",74.76,FALSE
"G3L4G","M","Not Hispanic or Latino","White",23.33,"M","ASD",35.59,FALSE
"G3T2J","M","Not Hispanic or Latino","White",47.83,"M","TD",59.03,TRUE
"G3V4S","M","Hispanic or Latino","Asian",31.47,"M","ASD",71.18,FALSE
"G4M3R","M","Hispanic or Latino","White",22.27,"M","ASD",13.46,FALSE
"G4S4X","M","Hispanic or Latino","Unknown or not reported",21.43,"M","ASD",84.69,FALSE
"G4U4M","M","Not Hispanic or Latino","White",13.77,"M","ASD",49.85,FALSE
"G5D8P","F","Hispanic or Latino","Unknown or not reported",45.87,"F","ASD",35.56,FALSE
"G5Z3Y","F","Not Hispanic or Latino","White",35.4,"F","TD",68.12,TRUE
"G6Q2R","F","Not Hispanic or Latino","White",22.2,"F","TD",82.6,TRUE
"G6T8L","F","Hispanic or Latino","Unknown or not reported",19.63,"F","ASD",18.9,FALSE
"G6U8S","M","Hispanic or Latino","American Indian/Alaska Native",16.23,"M","ASD",28.88,FALSE
"G6W5Z","M","Not Hispanic or Latino","White",35.33,"M","TD",39.42,TRUE
"G6Y4E","M","Unknown or not reported","More Than One Race",15.43,"M","TD",90.2,TRUE
"G7E9V","M","Not Hispanic or Latino","White",28.83,"M","ASD",88.16,FALSE
"G7H6X","M","Not Hispanic or Latino","Asian",30.4,"M","ASD",43.05,FALSE
"G7J2C","M","Not Hispanic or Latino","White",48.1,"M","TD",50.76,TRUE
"G7M6B","M","Not Hispanic or Latino","Asian",12.3,"M","ASD",88.78,FALSE
"G7P3J","M","Hispanic or Latino","White",28.37,"M","ASD",29.81,FALSE
"G7Q3D","M","Hispanic or Latino","Asian",29.23,"M","ASD",58.46,FALSE
"G7X5J","F","Not Hispanic or Latino","Black or African American",24.53,"F","ASD",25.74,FALSE
"G7X9M","F","Not Hispanic or Latino","White",39.8,"F","TD",69.1,TRUE
"G8M7A","M","Unknown or not reported","Unknown or not reported",35.93,"M","TD",62.93,TRUE
"G8M8W","M","Not hispanic or Latino","Asian ",28.1,"M","ASD",8.67,FALSE
"G8P3W","F","Not Hispanic or Latino","White",41.87,"F","TD",59.61,TRUE
"G9C3L","M","Hispanic or Latino","White",38.17,"M","ASD",26,FALSE
"G9F9S","M","Not Hispanic or Latino","White",18.47,"M","ASD",95.11,FALSE
"G9G2Q","F","Unknown or not reported","Unknown or not reported",32.2,"F","TD",32.52,TRUE
"G9K7M","M","Not Hispanic or Latino ","Asian",26.67,"M","TD",41.73,TRUE
"G9T9A","M","Not Hispanic or Latino","White",31.63,"M","TD",74.82,TRUE
"G9V9B","M","Not Hispanic or Latino","Asian",30.87,"M","ASD",35.53,FALSE
"G9Z5Y","M","Not Hispanic or Latino","White",22.2,"M","ASD",15.92,FALSE
"H2B6L","F","Not Hispanic or Latino","More than one race",18.97,"F","TD",87.98,TRUE
"H2G8Q","F","Unknown or not reported","Unknown or not reported",26.1,"F","ASD",27.21,FALSE
"H2K9J","M","Hispanic or Latino","Unknown or not reported",19,"M","ASD",67.35,FALSE
"H2M7C","F","Hispanic or Latino","White",40.37,"F","TD",88.38,TRUE
"H2X7H","F","Not Hispanic or Latino","White",38.87,"F","TD",84.42,TRUE
"H2Z3F","M","Not Hispanic or Latino","White",13.87,"M","TD",86.67,TRUE
"H3B2V","M","Not Hispanic or Latino","Asian",15.03,"M","TD",77.69,TRUE
"H3H7B","M","Not Hispanic or Latino","More than one race",24.6,"M","TD",88.64,TRUE
"H3J5M","F","Unknown or not reported","Unknown or not reported",45.43,"F","TD",46.06,TRUE
"H3J8S","F","Not Hispanic or Latino","White",30.17,"F","ASD",49.35,FALSE
"H3K9W","M","Not Hispanic or Latino","American Indian/Alaska Native",21.9,"M","TD",80.95,TRUE
"H3L9E","M","Not Hispanic or Latino","Asian",29.17,"M","ASD",51.24,FALSE
"H3T4N","M","Not Hispanic or Latino","White",28.5,"M","TD",80.07,TRUE
"H3U7N","F","Hispanic or Latino","White",16.8,"F","ASD",70.34,FALSE
"H4C7F","M","Hispanic or Latino","White",23.07,"M","TD",89.15,TRUE
"H4D7A","F","Hispanic or Latino","Unknown or not reported",28.1,"F","ASD",94.08,FALSE
"H4K5U","M","Not Hispanic or Latino","White",44.63,"M","ASD",22.49,FALSE
"H4S2A","F","Hispanic or Latino","White",19.23,"F","ASD",73.38,FALSE
"H4Z3U","M","Not Hispanic or Latino","White",13.6,"M","TD",79.01,TRUE
"H5J8H","M","Not Hispanic or Latino","Asian",15.1,"M","ASD",95.28,FALSE
"H5X6N","M","Not Hispanic or Latino","White",39.77,"M","TD",59.33,TRUE
"H5Z3V","M","Not Hispanic or Latino","White",22.7,"M","TD",96.9,TRUE
"H7E6M","F","Not Hispanic or Latino","Black or African American",13.23,"F","TD",82.67,TRUE
"H7F9A","F","Hispanic or Latino","More Than One Race",17.87,"F","ASD",79.72,FALSE
"H7N6E","M","Not Hispanic or Latino","Asian",23.1,"M","ASD",29.19,FALSE
"H7T5D","M","Unknown or not reported","Unknown or not reported",20.6,"M","ASD",79.9,FALSE
"H7Z5G","F","Hispanic or Latino","White",29.4,"F","TD",79.13,TRUE
"H8G3V","M","Not Hispanic or Latino","White",15.63,"M","ASD",42.68,FALSE
"H8Q4L","M","Hispanic or Latino","White",22.63,"M","TD",84.76,TRUE
"H9U7H","M","Not Hispanic or Latino","White",18.67,"M","TD",74.83,TRUE
"H9Z9Y","M","Hispanic or Latino","White",25,"M","ASD",71.29,FALSE
"J2B6U","M","Hispanic or Latino","Unknown or not reported",28.4,"M","TD",67.62,TRUE
"J2E4H","F","Not Hispanic or Latino","White",20.7,"F","TD",72.92,TRUE
"J2M3U","M","Unknown or not reported","Unknown or not reported",44.6,"M","ASD",23.43,FALSE
"J2S3E","F","Not Hispanic or Latino","White",35.57,"F","TD",10.02,TRUE
"J2Z3P","M","Unknown or not reported","Unknown or not reported",27.37,"M","TD",72.01,TRUE
"J3D2T","M","Hispanic or Latino","Asian",30.47,"M","ASD",67.81,FALSE
"J3N8R","M","Not Hispanic or Latino","White",45.9,"M","ASD",55.64,FALSE
"J3P5S","F","Not Hispanic or Latino","White",18.67,"F","TD",74.37,TRUE
"J4G6T","M","Unknown or not reported","Unknown or not reported",44.53,"M","TD",55.46,TRUE
"J4M8X","F","Not Hispanic or Latino","White",25.1,"F","ASD",72.13,FALSE
"J4S6M","M","Hispanic or Latino","White",19.53,"M","ASD",57.38,FALSE
"J4V5K","M","Not Hispanic or Latino","White",18.63,"M","ASD",53.01,FALSE
"J4Z8F","M","Not Hispanic or Latino","Asian",24.73,"M","TD",47.2,TRUE
"J5L3E","F","Hispanic or Latino","White",20.43,"F","TD",92.09,TRUE
"J5P6F","F","Not Hispanic or Latino","Asian",43.77,"F","ASD",79.76,FALSE
"J5X5M","M","Hispanic or Latino","White",28.83,"M","ASD",42.38,FALSE
"J6A3M","F","Not Hispanic or Latino","Unknown or not reported",14.23,"F","TD",91.63,TRUE
"J6B7K","M","Hispanic or Latino","White",40.3,"M","ASD",42.37,FALSE
"J6G3Q","F","Hispanic or Latino","White",29.1,"F","ASD",32.29,FALSE
"J6K3X","M","Not Hispanic or Latino","More than one race",42.73,"M","TD",64.61,TRUE
"J6N6A","M","Not Hispanic or Latino","White",13.4,"M","TD",95.66,TRUE
"J6R4M","M","Not Hispanic or Latino","White",13.37,"M","TD",86.28,TRUE
"J6T7G","F","Hispanic or Latino","White",29.03,"F","ASD",68.4,FALSE
"J6X6L","M","Hispanic or Latino","White",20.87,"M","TD",82.17,TRUE
"J7A4X","M","Unknown or not reported","Unknown or not reported",14.27,"M","TD",83.35,TRUE
"J7C3C","M","Not Hispanic or Latino","White",14.03,"M","ASD",81.42,FALSE
"J7F8X","M","Not Hispanic or Latino","White",37.6,"M","TD",68.22,TRUE
"J7K2P","F","Not Hispanic or Latino","White",15.3,"F","ASD",91.25,FALSE
"J7S7Z","M","Not Hispanic or Latino","White",29.47,"M","TD",85.77,TRUE
"J8D5S","F","Not Hispanic or Latino","White",44.43,"F","TD",72.69,TRUE
"J8N3V","M","Not Hispanic or Latino","Asian",39.83,"M","ASD",46.63,FALSE
"J8T2U","M","Not Hispanic or Latino","Asian",15.8,"M","TD",83.46,TRUE
"J8Y5W","M","Not Hispanic or Latino","White",34.5,"M","TD",52.37,TRUE
"J9P4C","M","Not Hispanic or Latino","White",27.9,"M","TD",80.06,TRUE
"J9T4R","M","Not Hispanic or Latino","Asian",27.4,"M","TD",45.85,TRUE
"K2R4R","F","Not Hispanic or Latino","More Than One Race",17.9,"F","TD",93.09,TRUE
"K2S6G","F","Hispanic or Latino","White",23.37,"F","TD",94.54,TRUE
"K2U5W","F","Not Hispanic or Latino","White",21,"F","TD",86.84,TRUE
"K2U9B","M","Hispanic or Latino","White",17.67,"M","ASD",48.6,FALSE
"K2Z9K","M","Not Hispanic or Latino","White",45.1,"M","ASD",66.96,FALSE
"K3A2U","F","Not Hispanic or Latino","White",38.27,"F","ASD",82.98,FALSE
"K3T2X","M","Not hispanic or latino","White",29.6,"M","TD",74.43,TRUE
"K3V7Z","M","Not Hispanic or Latino","White",24.37,"M","ASD",41.7,FALSE
"K3V8X","M","Not Hispanic or Latino","White",30.7,"M","ASD",64.33,FALSE
"K3Z9L","M","Hispanic or Latino","Unknown or not reported",28.03,"M","ASD",34.89,FALSE
"K4L6F","F","Not Hispanic or Latino","White",29.5,"F","ASD",61.14,FALSE
"K4S6J","M","Unknown or not reported","Unknown or not reported",19.9,"M","ASD",92.34,FALSE
"K5B6U","F","Not Hispanic or Latino","White",22.2,"F","TD",97.14,TRUE
"K5E4U","F","Hispanic or Latino","White",15.53,"F","TD",82.71,TRUE
"K5G7C","F","Hispanic or Latino","Unknown or not reported",13.1,"F","TD",39.39,TRUE
"K5K5P","M","Not Hispanic Or Latino","White",16.73,"M","ASD",8.17,FALSE
"K5V3A","M","Hispanic or Latino","Unknown or not reported",28.9,"M","ASD",47.36,FALSE
"K6B8E","M","Hispanic or Latino","White",38.97,"M","TD",76.91,TRUE
"K6E5T","F","Not Hispanic or Latino","White",23.87,"F","TD",62.26,TRUE
"K6F4Q","M","Not Hispanic or Latino","White",14.87,"M","ASD",39.16,FALSE
"K6N3Q","F","Not Hispanic or Latino","White",28.07,"F","TD",62.38,TRUE
"K7C2N","F","Not Hispanic or Latino","White",26.1,"F","TD",47.5,TRUE
"K7L7T","F","Not Hispanic or Latino","White",35.57,"F","TD",56.92,TRUE
"K7M2M","M","Not Hispanic or Latino","White",13.8,"M","TD",83.9,TRUE
"K8C8N","F","Not Hispanic or Latino","White",12.47,"F","TD",92.38,TRUE
"K8L4C","M","Not Hispanic or Latino","White",20.97,"M","TD",72.67,TRUE
"K8M2B","M","Hispanic or Latino","White",39.1,"M","TD",70.1,TRUE
"K8S3U","F","Not Hispanic or Latino","Black or African American",37.63,"F","ASD",61.45,FALSE
"K8V7G","M","Not Hispanic or Latino","White",39.7,"M","ASD",43.52,FALSE
"K9F2L","M","Not Hispanic or Latino","White",45.13,"M","ASD",30.55,FALSE
"K9L5B","M","Not Hispanic or Latino","White",40.63,"M","ASD",28.54,FALSE
"L2C9Z","F","Not Hispanic or Latino","White",28.4,"F","TD",65.33,TRUE
"L2D7Y","M","Unknown or not reported","White",17.3,"M","ASD",44.89,FALSE
"L2H5T","M","Not Hispanic or Latino","Asian",29.53,"M","ASD",52.93,FALSE
"L2Q2L","F","Not Hispanic or Latino","More than one race",23.97,"F","ASD",92.16,FALSE
"L2U7P","M","Hispanic or Latino","Unknown or not reported",44.87,"M","ASD",65.25,FALSE
"L3C9P","F","Not Hispanic or Latino","White",30.9,"F","ASD",76.14,FALSE
"L3Z6P","F","Hispanic or Latino","White",33.6,"F","TD",82.88,TRUE
"L4E4Q","M","Not Hispanic or Latino","White",38.17,"M","ASD",59.17,FALSE
"L4F5H","M","Hispanic or Latino","Unknown or not reported",34.6,"M","TD",59.23,TRUE
"L4H7E","M","Hispanic or Latino","White",33.17,"M","TD",71.84,TRUE
"L4Q5T","M","Not Hispanic or Latino","White",28.27,"M","TD",74.5,TRUE
"L4U4L","M","Hispanic or Latino","More Than One Race",35.17,"M","ASD",15.16,FALSE
"L4W2E","M","Not Hispanic or Latino","White",24.5,"M","TD",63.75,TRUE
"L5L9V","M","Not Hispanic or Latino","White",26.17,"M","ASD",71.32,FALSE
"L5Q8N","M","Not Hispanic or Latino","White",39.9,"M","ASD",46.57,FALSE
"L5X2A","M","Not Hispanic or Latino","Asian",19.57,"M","ASD",31.78,FALSE
"L5Y8F","F","Hispanic or Latino","White",17.07,"F","ASD",17.73,FALSE
"L5Y9Q","M","Hispanic or Latino","White",38.1,"M","TD",66.58,TRUE
"L6A5N","F","Not Hispanic or Latino","White",29.23,"F","TD",77.8,TRUE
"L6E3U","M","Not Hispanic or Latino","White",33.43,"M","TD",67.8,TRUE
"L6P8H","M","Not Hispanic or Latino","White",13.73,"M","TD",99.9,TRUE
"L6T5E","M","Hispanic or Latino","White",38.4,"M","TD",82.49,TRUE
"L7D8D","M","Hispanic or Latino","White",28.63,"M","ASD",56.67,FALSE
"L7H6W","M","Not Hispanic or Latino","White",34.4,"M","ASD",25.18,FALSE
"L7U6K","M","Not Hispanic or Latino","Asian",45.9,"M","ASD",17.9,FALSE
"L7X5U","M","Not Hispanic or Latino","White",29.33,"M","ASD",45.53,FALSE
"L8D7G","F","Not Hispanic or Latino","White",38.43,"F","TD",66.63,TRUE
"L8G8M","F","Hispanic or Latino","White",21,"F","TD",80.55,TRUE
"L8H6L","F","Not Hispanic or Latino","White",36.23,"F","ASD",32.24,FALSE
"L8J8N","F","Unknown or not reported","Unknown or not reported",30,"F","ASD",63.38,FALSE
"L8P5E","M","Not Hispanic or Latino","Asian",16.9,"M","ASD",99.3,FALSE
"L8P9H","F","Hispanic or Latino","White",21.7,"F","ASD",63.42,FALSE
"L8W4R","M","Not Hispanic or Latino","White",14.77,"M","TD",61.76,TRUE
"L8W5P","M","Hispanic or Latino","Unknown or not reported",16.83,"M","ASD",15.33,FALSE
"L8Y7L","F","Not Hispanic or Latino","Asian",23.67,"F","TD",83.21,TRUE
"L9V7R","M","Hispanic or Latino","Asian",38.63,"M","TD",60.73,TRUE
"L9Z8R","F","Hispanic or Latino","White",17.87,"F","TD",88.13,TRUE
"M2M3W","F","Not Hispanic or Latino","White",26.77,"F","TD",23.6,TRUE
"M2X2F","M","Not Hispanic or Latino","More than one race",29.03,"M","ASD",83.25,FALSE
"M2X5X","M","Hispanic or Latino","More than one race",14.1,"M","TD",39.56,TRUE
"M3P3Y","F","Not Hispanic or Latino","White",16.37,"F","TD",38.64,TRUE
"M3U4G","M","Unknown or not reported","Unknown or not reported",27.37,"M","TD",64.16,TRUE
"M3Z4Q","F","Not Hispanic or Latino","White",25.47,"F","TD",74.98,TRUE
"M4K9K","M","Hispanic or Latino","White",31.17,"M","ASD",16.76,FALSE
"M4S7A","M","Not Hispanic or Latino","White",13.13,"M","TD",68.24,TRUE
"M4V5M","M","Not Hispanic or Latino","More than one race",31.3,"M","ASD",75.13,FALSE
"M5D4T","F","Not Hispanic or Latino","White",21.7,"F","TD",73.71,TRUE
"M5E5L","M","Not Hispanic or Latino","White",41.7,"M","ASD",48.45,FALSE
"M5G2G","M","Not Hispanic or Latino","White",20.17,"M","ASD",50.35,FALSE
"M5G8F","M","Hispanic or Latino","Unknown or not reported",16.97,"M","ASD",38.71,FALSE
"M5L6A","M","Unknown or not reported","Unknown or not reported",45.37,"M","ASD",50.18,FALSE
"M5U6R","F","Not Hispanic or Latino","White",45.07,"F","ASD",41.89,FALSE
"M5Y2Q","F","Not Hispanic or Latino","White",42.4,"F","TD",89.03,TRUE
"M6E9Q","M","Not Hispanic or Latino","White",15.63,"M","ASD",80.12,FALSE
"M6P7T","F","Not Hispanic or Latino","Black or African American",13.23,"F","TD",46.1,TRUE
"M6S7P","M","Not Hispanic or Latino","Asian",41.23,"M","TD",55.22,TRUE
"M6T3S","F","Not Hispanic or Latino","White",30.63,"F","TD",74.42,TRUE
"M6U5U","F","Hispanic or Latino","White",27.1,"F","ASD",24.69,FALSE
"M6Z9U","M","Not Hispanic or Latino","Asian",26.5,"M","TD",91.66,TRUE
"M7F3Y","M","Not Hispanic or Latino","White",42.93,"M","ASD",70.98,FALSE
"M7P3E","F","Not Hispanic or Latino","Asian",15.17,"F","ASD",31.29,FALSE
"M7U4X","F","Not Hispanic or Latino","White",37,"F","TD",75.91,TRUE
"M8A7U","F","Not Hispanic or Latino","White",12.83,"F","ASD",61.64,FALSE
"M8J3V","M","Not Hispanic or Latino","Black or African American",18.3,"M","TD",92.08,TRUE
"M8K5X","M","Hispanic or Latino","White",19.57,"M","ASD",84.51,FALSE
"M8Q5H","M","Not Hispanic or Latino","White",33.13,"M","TD",59.92,TRUE
"M8R5P","M","Hispanic or Latino","Unknown or not reported",14.87,"M","ASD",20.92,FALSE
"M9H7T","M","Not Hispanic or Latino","White",12.97,"M","TD",89.87,TRUE
"M9Q9Y","M","Hispanic or Latino","Unknown or not reported",21.03,"M","ASD",22.06,FALSE
"M9U5X","F","Hispanic or Latino","More than one race",35.87,"F","ASD",50.11,FALSE
"M9X8Y","M","Hispanic or Latino","White",12.17,"M","ASD",85.5,FALSE
"N2D5K","F","Not Hispanic or Latino","White",12.2,"F","TD",94.18,TRUE
"N2D6H","F","Not Hispanic or Latino","White",35.13,"F","TD",64.79,TRUE
"N2J3L","M","Hispanic or Latino","White",21.4,"M","ASD",22.15,FALSE
"N2V6E","M","Unknown or not reported","Unknown or not reported",33.63,"M","TD",58.81,TRUE
"N3A2W","M","Not Hispanic or Latino","White",15.17,"M","TD",52.9,TRUE
"N3K5P","M","Unknown or not reported","Asian",28.3,"M","ASD",73.07,FALSE
"N3S5A","M","Not Hispanic or Latino","Asian",34.8,"M","TD",62.25,TRUE
"N4M9U","M","Not Hispanic or Latino","White",13.83,"M","TD",73.35,TRUE
"N5L4N","M","Not Hispanic or Latino","White",38.07,"M","TD",40.33,TRUE
"N5R6S","M","Not Hispanic or Latino","White",33.07,"M","TD",83.54,TRUE
"N6A9K","F","Not Hispanic or Latino","More than one race",14.23,"F","TD",94.16,TRUE
"N6A9W","M","Not Hispanic or Latino","Asian",17.8,"M","ASD",10.72,FALSE
"N6D6M","M","Hispanic or Latino","White",18.47,"M","TD",94.89,TRUE
"N6L2T","M","Hispanic or Latino","More Than One Race",18.97,"M","TD",81.24,TRUE
"N6V4Z","M","Not Hispanic or Latino","White",23.63,"M","TD",83.42,TRUE
"N6W3K","F","Hispanic or Latino","Unknown or not reported",35.77,"F","TD",57.83,TRUE
"N6Y7C","F","Unknown or not reported","Unknown or not reported",27.17,"F","TD",82.56,TRUE
"N6Z2H","F","Not Hispanic or Latino","White",15.9,"F","ASD",95.6,FALSE
"N7H2Y","M","Hispanic or Latino","More than one race",28.2,"M","ASD",70.33,FALSE
"N7K7P","F","Not Hispanic or Latino","White",12.5,"F","TD",81.39,TRUE
"N7M5U","M","Not Hispanic or Latino","White",40.43,"M","ASD",31.83,FALSE
"N7U7B","M","Not Hispanic or Latino","White",16.23,"M","ASD",91.76,FALSE
"N7W8Y","M","Not Hispanic or Latino","White",34.5,"M","TD",52.9,TRUE
"N7Z2J","M","Not Hispanic or Latino","White",29.3,"M","TD",91.42,TRUE
"N8C2R","F","Not Hispanic or Latino","White",44.43,"F","TD",59.53,TRUE
"N8T4C","M","Unknown or not reported","Unknown or not reported",14.27,"M","TD",57.24,TRUE
"N9A9B","M","Unknown or not reported","Unknown or not reported",30.67,"M","TD",65.43,TRUE
"N9B7A","F","Unknown or not reported","Unknown or not reported",22.13,"F","TD",66.74,TRUE
"P2M4B","M","Not Hispanic or Latino","White",15.47,"M","ASD",97.6,FALSE
"P2N3K","M","Hispanic or Latino","White",28.1,"M","ASD",74.18,FALSE
"P2P5M","M","Not Hispanic or Latino","White",36.2,"M","TD",58.06,TRUE
"P2R5Z","M","Hispanic or Latino","Unknown or not reported",21.7,"M","ASD",22.65,FALSE
"P2W5W","M","Not Hispanic or Latino","White",17.97,"M","ASD",96.46,FALSE
"P2Z4H","M","Unknown or not reported","Unknown or not reported",41.77,"M","ASD",37.47,FALSE
"P3B2Z","M","Hispanic or Latino","More Than One Race",18.53,"M","ASD",70.56,FALSE
"P3E9S","M","Not Hispanic or Latino","White",45.63,"M","ASD",63.64,FALSE
"P3S4L","M","Hispanic or Latino","Unknown or not reported",33.23,"M","TD",61.81,TRUE
"P3S7E","M","Hispanic or Latino","Unknown or not reported",16.5,"M","ASD",51.62,FALSE
"P3U5W","F","Hispanic or Latino","Unknown or not reported",42.97,"F","ASD",35.94,FALSE
"P3U9Z","F","Not Hispanic or Latino","White",29,"F","TD",48.82,TRUE
"P4C6M","M","Hispanic or Latino","White",14.97,"M","ASD",73.55,FALSE
"P4D8C","F","Not Hispanic or Latino","White",14.8,"F","TD",79.85,TRUE
"P4K2G","F","Not Hispanic or Latino","White",13.6,"F","TD",97.67,TRUE
"P4M7J","F","Hispanic or Latino","White",32.37,"F","TD",69.68,TRUE
"P5A2J","M","Not Hispanic or Latino","White",29.8,"M","ASD",52.29,FALSE
"P5B8P","F","Not Hispanic or Latino","White",32.93,"F","TD",94.68,TRUE
"P5J3L","F","Not Hispanic or Latino","White",19.5,"F","TD",95.54,TRUE
"P5L5U","F","Hispanic or Latino","White",25.03,"F","TD",77.9,TRUE
"P5T4U","F","Not Hispanic or Latino","White",19.67,"F","ASD",80.57,FALSE
"P6C6P","M","Unknown or not reported","Unknown or not reported",31.7,"M","TD",90.35,TRUE
"P6Q4Z","M","Unknown or not reported","Unknown or not reported",40.23,"M","ASD",78.81,FALSE
"P7A8K","M","Unknown or not reported","Unknown or not reported",30.4,"M","ASD",82.06,FALSE
"P7D2G","F","Not Hispanic or Latino","White",30.4,"F","ASD",90.7,FALSE
"P7P6D","F","Hispanic or Latino","White",24.57,"F","TD",63.56,TRUE
"P7P9V","F","Not Hispanic or Latino","Asian",40.93,"F","ASD",22.96,FALSE
"P7T5U","M","Hispanic or Latino","White",19,"M","ASD",65.88,FALSE
"P7W9G","M","Hispanic or Latino","Unknown or not reported",43.7,"M","ASD",39.9,FALSE
"P7Z6J","M","Hispanic or Latino","White",33.97,"M","TD",92.23,TRUE
"P8C4J","M","Not Hispanic or Latino","White",22.67,"M","TD",81.05,TRUE
"P8F4E","F","Hispanic or Latino","White",12.3,"F","ASD",68.13,FALSE
"P8G2Q","F","Not Hispanic or Latino","White",32.53,"F","TD",64.58,TRUE
"P8M4H","M","Not Hispanic or Latino","White",30.1,"M","ASD",79.31,FALSE
"P8X3D","M","Hispanic or Latino","Unknown or not reported",35.97,"M","ASD",64.09,FALSE
"P9B3S","M","Unknown or not reported","Unknown or not reported",37.43,"M","ASD",38.25,FALSE
"P9G5K","M","Not Hispanic or Latino","More than one race",19.27,"M","ASD",66.52,FALSE
"P9P8B","M","Hispanic or Latino","Black or African American",25.13,"M","ASD",55.97,FALSE
"Q2C3Z","F","Not Hispanic or Latino","White",12.93,"F","TD",88.96,TRUE
"Q2G3D","M","Not Hispanic or Latino","More than one race",28.57,"M","ASD",7.23,FALSE
"Q2H7B","M","Not Hispanic or Latino","White",27.57,"M","TD",69.16,TRUE
"Q2N2J","M","Not Hispanic or Latino","White",45.63,"M","TD",62.8,TRUE
"Q2W7C","M","Hispanic or Latino","More Than One Race",46.13,"M","ASD",41.64,FALSE
"Q3C6U","M","Hispanic or Latino","Asian",20.23,"M","TD",88.98,TRUE
"Q3J6X","M","Not Hispanic or Latino","Asian",21.57,"M","ASD",75.06,FALSE
"Q3K9L","M","Hispanic or Latino","White",31.33,"M","ASD",50.56,FALSE
"Q3P9N","M","Not Hispanic or latino","White",20.1,"M","TD",92.56,TRUE
"Q3S3W","M","Not Hispanic or Latino","White",23.4,"M","TD",66.44,TRUE
"Q3V6X","M","Not Hispanic or Latino","More than one race",29.63,"M","TD",20.27,TRUE
"Q3Y3Z","M","Hispanic or Latino","More Than One Race",28.03,"M","ASD",85.12,FALSE
"Q4E2T","M","Not Hispanic or Latino","Asian",37.5,"M","TD",75.84,TRUE
"Q4G7J","F","Hispanic or Latino","Unknown or not reported",19.47,"F","ASD",3.53,FALSE
"Q4H7Q","M","Not Hispanic or Latino","More than one race",20.63,"M","ASD",37.24,FALSE
"Q4J4E","M","Not Hispanic or Latino","White",30.9,"M","ASD",93.13,FALSE
"Q4R8S","F","Not Hispanic or Latino","Asian",20.2,"F","ASD",71.24,FALSE
"Q4X8J","M","Not Hispanic or Latino","White",19.13,"M","ASD",51.82,FALSE
"Q4Z8K","M","Hispanic or Latino","White",20.17,"M","TD",66.57,TRUE
"Q5F4W","F","Not Hispanic or Latino","White",27.83,"F","TD",81.17,TRUE
"Q5N5F","M","Unknown or not reported","Unknown or not reported",23.33,"M","TD",63.4,TRUE
"Q5R9R","F","Unknown or not reported","White",27.23,"F","TD",74.51,TRUE
"Q6A9D","M","Not Hispanic or Latino","White",42.3,"M","TD",57.14,TRUE
"Q6B8A","F","Not Hispanic or Latino","White",19.13,"F","TD",76.86,TRUE
"Q6C2U","M","Not Hispanic or Latino","White",17.4,"M","TD",94.89,TRUE
"Q6H8D","M","Not Hispanic or Latino","White",17.23,"M","ASD",71,FALSE
"Q6J3J","M","Not Hispanic or Latino","More Than One Race",18.47,"M","ASD",72.28,FALSE
"Q6N2N","M","Unknown or not reported","Unknown or not reported",20.93,"M","TD",88.81,TRUE
"Q7D9Y","M","Not Hispanic or Latino","White",40.03,"M","TD",60.38,TRUE
"Q7J8L","M","Hispanic or Latino","White",30.83,"M","ASD",11.16,FALSE
"Q7T7Y","M","Not Hispanic or Latino","White",12.73,"M","ASD",97.13,FALSE
"Q8B7E","M","Hispanic or Latino","Unknown or not reported",16.63,"M","ASD",40.68,FALSE
"Q8K9R","F","Not Hispanic or Latino","White",16.3,"F","TD",71.04,TRUE
"Q8Q9N","M","Not Hispanic or Latino","White",28.07,"M","ASD",92.46,FALSE
"Q8U5Y","M","Hispanic or Latino","White",30.03,"M","ASD",15.95,FALSE
"Q9A9T","M","Hispanic or Latino","Unknown or not reported",24.73,"M","ASD",31.96,FALSE
"Q9R6D","M","Hispanic or Latino","Unknown or not reported",16.47,"M","TD",64.82,TRUE
"Q9Y6Z","M","Hispanic or Latino","American Indian/Alaska Native",36.4,"M","TD",36.07,TRUE
"R2B3D","M","Not Hispanic or Latino","More Than One Race",24.5,"M","ASD",32.82,FALSE
"R2J3N","F","Not Hispanic or Latino","White",19.7,"F","ASD",82.68,FALSE
"R2R2Z","M","Hispanic or Latino","White",40.37,"M","TD",48.37,TRUE
"R3C2B","F","Hispanic or Latino","White",38.3,"F","ASD",69.23,FALSE
"R3E9X","M","Hispanic or Latino","Asian",27.27,"M","TD",85.64,TRUE
"R3F4R","M","Hispanic or Latino","Unknown or not reported",21.73,"M","ASD",48.52,FALSE
"R3H9T","F","Hispanic or Latino","American Indian/Alaska Native",34.97,"F","ASD",41.67,FALSE
"R3N5A","M","Not Hispanic or Latino","White",12.6,"M","ASD",87.25,FALSE
"R3N7U","M","Not Hispanic or Latino","White",44.4,"M","TD",65.15,TRUE
"R3S3G","M","Not Hispanic or Latino","More than one race",27.93,"M","TD",80.32,TRUE
"R3T4L","M","Hispanic or Latino","Unknown or not reported",13.6,"M","ASD",90.54,FALSE
"R3W8W","F","Not Hispanic or Latino","White",18.57,"F","ASD",86.82,FALSE
"R3X6V","M","Not Hispanic or Latino","White",35.67,"M","TD",68.12,TRUE
"R4G2E","M","Not Hispanic or Latino","White",30,"M","ASD",34.95,FALSE
"R4N2U","M","Hispanic or Latino","Asian",14.97,"M","TD",65.26,TRUE
"R4T9B","M","Not Hispanic or Latino","White",18.57,"M","TD",76.91,TRUE
"R5A5U","M","Not Hispanic or Latino","White",23.73,"M","TD",42.34,TRUE
"R5E4M","F","Hispanic or Latino","Unknown or not reported",17.23,"F","ASD",42.29,FALSE
"R5K3X","M","Not Hispanic or Latino","White",15.23,"M","ASD",24.62,FALSE
"R5L9R","F","Hispanic or Latino","White",28.47,"F","ASD",57.9,FALSE
"R5N7K","M","Not Hispanic or Latino","White",12.17,"M","ASD",90.19,FALSE
"R5R4Y","F","Not Hispanic or Latino","White",35.7,"F","TD",77.93,TRUE
"R5S8W","F","Not Hispanic or Latino","White",42.1,"F","TD",91.39,TRUE
"R5U9V","M","Not Hispanic or Latino","White",44.17,"M","ASD",80.79,FALSE
"R5Y5H","F","Not Hispanic or Latino","White",33.17,"F","TD",72.22,TRUE
"R6A9A","M","Hispanic or Latino","White",30.47,"M","TD",23.27,TRUE
"R6H5G","F","Not Hispanic or Latino","Asian",45.27,"F","ASD",60.32,FALSE
"R6P4Y","M","Not Hispanic or Latino","White",33.77,"M","TD",70.28,TRUE
"R6Q6P","F","Hispanic or Latino","White",27,"F","TD",56.54,TRUE
"R6S2Y","F","Hispanic or Latino","Unknown or not reported",12.27,"F","TD",98.48,TRUE
"R6T5A","M","Not Hispanic or Latino","Asian",40,"M","ASD",68.43,FALSE
"R6W8B","M","Not Hispanic or Latino","White",14.87,"M","TD",84.58,TRUE
"R7E7U","M","Not Hispanic or Latino","White",20.07,"M","ASD",11.4,FALSE
"R7Z8W","M","Not Hispanic or Latino","More than one race",29.03,"M","ASD",83.09,FALSE
"R8B4U","M","Not Hispanic or Latino","White",21.83,"M","TD",81.96,TRUE
"R8J7L","M","Hispanic or Latino","White",40.9,"M","ASD",62.52,FALSE
"R8Q7C","M","Not Hispanic or Latino","White",41.1,"M","ASD",72.11,FALSE
"R8R5B","M","Not Hispanic or Latino","Asian",23.43,"M","TD",93.51,TRUE
"R8Y4Z","M","Not Hispanic or Latino","More Than One Race",39.77,"M","ASD",30.74,FALSE
"R9J6P","M","Not Hispanic or Latino","Hawaiian or Pacific Islander",23.7,"M","ASD",81.11,FALSE
"R9Q2P","M","Hispanic or Latino","More than one race",46.13,"M","ASD",65.84,FALSE
"R9S9Y","M","Not Hispanic or Latino","White",35.3,"M","ASD",17.41,FALSE
"R9Y4P","M","Not Hispanic or Latino","Hawaiian or Pacific Islander",31.3,"M","ASD",38.91,FALSE
"S2H5X","M","Not Hispanic or Latino","Asian",30.87,"M","ASD",76.56,FALSE
"S2J9J","M","Hispanic or Latino","White",14.4,"M","ASD",87.19,FALSE
"S2W7H","M","Hispanic or Latino","White",33.7,"M","TD",50.39,TRUE
"S2X8A","M","Not Hispanic or Latino","More than one race",39.3,"M","ASD",51.23,FALSE
"S3A4E","F","Not Hispanic or Latino","Asian",48.07,"F","ASD",49.3,FALSE
"S3B5J","M","Not Hispanic or Latino","White",12.83,"M","ASD",91.17,FALSE
"S3H5Y","M","Hispanic or Latino","More than one race",43.07,"M","ASD",50.73,FALSE
"S3J8M","M","Not Hispanic or Latino","White",18.8,"M","TD",67.66,TRUE
"S3P9T","M","Not Hispanic or Latino","White",12.83,"M","TD",78.6,TRUE
"S3S3Q","M","Hispanic or Latino","Asian",34.23,"M","TD",74.78,TRUE
"S3U3R","M","Not Hispanic or Latino","White",26.93,"M","TD",96.35,TRUE
"S4B7F","M","Not Hispanic or Latino","White",15.27,"M","ASD",69.72,FALSE
"S4L5J","F","Not Hispanic or Latino","White",13.23,"F","TD",73.54,TRUE
"S4L9A","F","Not Hispanic or Latino","White",34.2,"F","TD",42.79,TRUE
"S4P8W","M","Not Hispanic or Latino","Asian",29.53,"M","ASD",24.93,FALSE
"S4S6K","M","Not Hispanic or Latino","White",14.87,"M","ASD",83.96,FALSE
"S4X9Y","M","Not Hispanic or Latino","White",36.17,"M","TD",57.83,TRUE
"S4Z8D","F","Not Hispanic or Latino","White",13.67,"F","TD",79.02,TRUE
"S5C6Q","F","Not Hispanic or Latino","More than one race",17.03,"F","TD",100,TRUE
"S5J9M","M","Not Hispanic or Latino","White",37.5,"M","TD",72.25,TRUE
"S5K6B","M","Hispanic or Latino","Black or African American",21.67,"M","TD",85.35,TRUE
"S5Z4N","F","Not Hispanic or Latino","More Than One Race",17.4,"F","ASD",64.97,FALSE
"S6H2W","M","Not Hispanic or Latino","White",29.6,"M","ASD",73.71,FALSE
"S6H4F","F","Not Hispanic or Latino","White",24.6,"F","TD",91.56,TRUE
"S6K2X","M","Not Hispanic or Latino","White",15.23,"M","TD",94.19,TRUE
"S6L7G","M","Not Hispanic or Latino","White",43.17,"M","TD",82.99,TRUE
"S6P2B","M","Not Hispanic or Latino","Asian",22.67,"M","TD",62.94,TRUE
"S6S2J","F","Hispanic or Latino","White",43.9,"F","TD",74.9,TRUE
"S6W6C","M","Hispanic or Latino","White",25.57,"M","ASD",48.68,FALSE
"S6W7Y","F","Not Hispanic or Latino","White",21.93,"F","TD",65.27,TRUE
"S6Y5S","M","Not Hispanic or Latino","More than one race",40.67,"M","TD",95.35,TRUE
"S7D4R","M","Not Hispanic or Latino","White",20.97,"M","ASD",70.92,FALSE
"S7L2T","M","Unknown or not reported","Unknown or not reported",28.3,"M","ASD",77.75,FALSE
"S7L6K","F","Not Hispanic or Latino","White",36.1,"F","TD",89.58,TRUE
"S7V9C","M","Hispanic or Latino","White",23.73,"M","ASD",71.01,FALSE
"S7W7N","M","Not Hispanic or Latino","More than one race",18.8,"M","ASD",38.54,FALSE
"S7Y7P","M","Not Hispanic or Latino","Asian",35.03,"M","TD",74.66,TRUE
"S8C3N","M","Not Hispanic or Latino","White",29.6,"M","ASD",54.55,FALSE
"S8K9K","M","Not Hispanic or Latino","More Than One Race",21.13,"M","ASD",66.73,FALSE
"S9A7R","F","Hispanic or Latino","More than one race",13.97,"F","ASD",86.41,FALSE
"S9F5F","M","Hispanic or Latino","Unknown or not reported",29.43,"M","ASD",26.42,FALSE
"S9T5A","M","Hispanic or Latino","White",44.4,"M","ASD",29.33,FALSE
"T3E8T","M","Not Hispanic or Latino","White",38.77,"M","TD",75.19,TRUE
"T3F3M","M","Not Hispanic or Latino","White",16.07,"M","ASD",83.11,FALSE
"T3J9G","F","Not Hispanic or Latino","White",35.03,"F","TD",74.21,TRUE
"T3N4H","M","Not Hispanic or Latino","White",29.37,"M","ASD",83.83,FALSE
"T3N9V","M","Not Hispanic or Latino","White",12.97,"M","TD",95.37,TRUE
"T4J8W","F","Hispanic or Latino","White",19.7,"F","ASD",35.96,FALSE
"T4L4U","F","Not Hispanic or Latino","White",48.1,"F","TD",78.16,TRUE
"T4S2Q","F","Not Hispanic or Latino","White",19.13,"F","TD",92.74,TRUE
"T4X7B","F","Not Hispanic or Latino","More than one race",27.03,"F","TD",62.04,TRUE
"T4Y5M","F","Hispanic or Latino","White",33.4,"F","TD",77.76,TRUE
"T5P7K","F","Not Hispanic or Latino","Asian",21.37,"F","ASD",32.02,FALSE
"T5R5Q","M","Not Hispanic or Latino","White",35.37,"M","TD",79.9,TRUE
"T5X2N","M","Hispanic or Latino","White",16.47,"M","ASD",16.17,FALSE
"T5X9W","M","Not Hispanic or Latino","Asian",29,"M","ASD",22.94,FALSE
"T6F3Q","F","Not Hispanic or Latino","White",23.33,"F","TD",93.43,TRUE
"T6U6K","M","Not Hispanic or Latino","Black or African American",18.57,"M","ASD",76.98,FALSE
"T6V6E","M","Hispanic or Latino","More than one race",28.37,"M","ASD",44.52,FALSE
"T6Z8P","F","Not Hispanic or Latino","Black or African American",45.17,"F","ASD",56.73,FALSE
"T7A9G","M","Not Hispanic or Latino","White",15.37,"M","ASD",22.5,FALSE
"T7N3P","M","Not Hispanic or Latino","More than one race",21.23,"M","ASD",27.72,FALSE
"T7W6Y","M","Not Hispanic or Latino","White",24.6,"M","TD",77.79,TRUE
"T8C6Q","M","Unknown or not reported","Unknown or not reported",36.33,"M","TD",49.51,TRUE
"T8D6K","M","Hispanic or Latino","White",17.77,"M","ASD",63.69,FALSE
"T8F7J","M","Hispanic or Latino","Unknown or not reported",15.33,"M","ASD",22.51,FALSE
"T8J5V","M","Not Hispanic or Latino","White",37.77,"M","TD",72.03,TRUE
"T8R5T","M","Hispanic or Latino","White",31.6,"M","ASD",10.84,FALSE
"T9G4X","F","Not Hispanic or Latino","White",28.3,"F","TD",85.22,TRUE
"T9J4M","M","Unknown or not reported","Unknown or not reported",18.4,"M","ASD",86.12,FALSE
"T9P7P","F","Hispanic or Latino","Unknown or not reported",19.97,"F","ASD",24.01,FALSE
"T9R3A","F","Hispanic or Latino","White",31.7,"F","TD",81.71,TRUE
"T9Y4H","M","Not Hispanic or Latino","White",39.9,"M","ASD",41.62,FALSE
"T9Y7Z","M","Not Hispanic or Latino","White",30.83,"M","ASD",92,FALSE
"T9Z8F","M","Not Hispanic or Latino","White",30.63,"M","TD",41.74,TRUE
"U2B3F","M","Hispanic or Latino","White",31.73,"M","ASD",90.09,FALSE
"U2N6X","F","Not Hispanic or Latino","Asian",14.8,"F","ASD",76.77,FALSE
"U2N9E","F","Hispanic or Latino","White",12.87,"F","TD",61.19,TRUE
"U2P6F","F","Hispanic or Latino","White",27.43,"F","ASD",10.7,FALSE
"U2Y7C","M","Hispanic or Latino","More Than One Race",36.13,"M","ASD",27.62,FALSE
"U3A3A","M","Hispanic or Latino","White",32.4,"M","TD",98.23,TRUE
"U3C3N","F","Not Hispanic or Latino","Unknown or not reported",27.53,"F","ASD",28.74,FALSE
"U3E9B","M","Not Hispanic or Latino","Asian ",29,"M","ASD",19.93,FALSE
"U3H5S","F","Hispanic or Latino","Hawaiian or Pacific Islander",14.57,"F","TD",89.97,TRUE
"U3K8Y","F","Not Hispanic or Latino","White",17,"F","TD",68.34,TRUE
"U3N8U","M","Not Hispanic or Latino","More Than One Race",15,"M","ASD",99.41,FALSE
"U3Q8V","F","Not Hispanic or Latino","White",27.77,"F","TD",77.51,TRUE
"U3W5G","M","Not Hispanic or Latino","White",15.27,"M","ASD",69.4,FALSE
"U4P3P","M","Not Hispanic or Latino","White",26.53,"M","TD",81.88,TRUE
"U4V8T","F","Not Hispanic or Latino","White",38.17,"F","TD",95.05,TRUE
"U4V9E","M","Not Hispanic or Latino","Asian",13.87,"M","TD",55.25,TRUE
"U4Z7L","M","Hispanic or Latino","Unknown or not reported",21.33,"M","ASD",84.52,FALSE
"U5A6U","F","Not Hispanic or Latino","White",14.37,"F","ASD",95.35,FALSE
"U5N4G","F","Not Hispanic or Latino","White",45.73,"F","TD",80.03,TRUE
"U5P6V","F","Not Hispanic or Latino","Hawaiian or Pacific Islander",25.13,"F","TD",75.11,TRUE
"U5P7G","M","Not Hispanic or Latino","Asian",31.6,"M","ASD",60.21,FALSE
"U5U2C","F","Hispanic or Latino","White",22.77,"F","TD",85.73,TRUE
"U5Y6U","M","Not Hispanic or Latino","White",29.8,"M","ASD",40.45,FALSE
"U6P5A","M","Not Hispanic or Latino","White",43.2,"M","TD",73.42,TRUE
"U6Z3K","M","Not Hispanic or Latino","White",30.53,"M","ASD",89.89,FALSE
"U7B9W","M","Hispanic or Latino","White",14.9,"M","ASD",22.47,FALSE
"U7D8Z","M","Not Hispanic or Latino","White",41.53,"M","ASD",94.03,FALSE
"U7P8G","M","Unknown or not reported","Unknown or not reported",14,"M","TD",61.42,TRUE
"U7U3C","M","Hispanic or Latino","Asian",41,"M","ASD",7.15,FALSE
"U7W2F","M","Not Hispanic or Latino","White",24.83,"M","TD",90.72,TRUE
"U8B3Y","M","Not Hispanic or Latino","Asian",45.73,"M","ASD",18.73,FALSE
"U8K5Y","F","Hispanic or Latino","White",36.4,"F","TD",82.39,TRUE
"U8U4B","M","Not Hispanic or Latino","White",29,"M","ASD",64.34,FALSE
"U8U7G","F","Not Hispanic or Latino","Unknown or not reported",36.17,"F","ASD",64.24,FALSE
"U9G8X","F","Not Hispanic or Latino","Asian",19.87,"F","ASD",7.99,FALSE
"U9K9E","F","Not Hispanic or Latino","Asian",15.77,"F","TD",94.3,TRUE
"V2C2L","M","Not Hispanic or Latino","White",22.1,"M","ASD",39.22,FALSE
"V2H4Q","M","Not Hispanic or Latino","Asian",28.6,"M","ASD",40.86,FALSE
"V2K4E","F","Hispanic or Latino","White",30.17,"F","ASD",25.95,FALSE
"V2M8V","F","Not Hispanic or Latino","White",37.27,"F","TD",66.86,TRUE
"V2W9S","F","Not Hispanic or Latino","White",11.93,"F","TD",78.84,TRUE
"V3B2S","M","Hispanic or Latino","White",40.63,"M","ASD",18.67,FALSE
"V3J5J","M","Hispanic or Latino","Asian",15.9,"M","TD",95.46,TRUE
"V3K2W","M","Hispanic or Latino","White",36.2,"M","TD",68.49,TRUE
"V3S5N","M","Not Hispanic or Latino","White",21.93,"M","TD",56.73,TRUE
"V3Y9U","F","Hispanic or Latino","American Indian/Alaska Native",41.33,"F","ASD",40.86,FALSE
"V5F6Z","M","Not Hispanic or Latino","White",29.33,"M","ASD",36.75,FALSE
"V5G2E","M","Not Hispanic or Latino","White",15.83,"M","TD",61.28,TRUE
"V5T8Q","F","Hispanic or Latino","White",19.07,"F","ASD",51.13,FALSE
"V5V2F","F","Not Hispanic or Latino","White",15.73,"F","TD",72.05,TRUE
"V5V6J","M","Not Hispanic or Latino","Asian",21.8,"M","ASD",66.01,FALSE
"V5X2T","M","Not Hispanic or Latino","White",22.3,"M","ASD",100,FALSE
"V6F7M","F","Unknown or not reported","White",40.33,"F","TD",87.56,TRUE
"V6G3D","M","Hispanic or Latino","White",29.13,"M","ASD",69.39,FALSE
"V6Y6F","M","Not Hispanic or Latino","More Than One Race",44.87,"M","ASD",53.63,FALSE
"V7B2K","F","Hispanic or Latino","Unknown or not reported",33.53,"F","TD",49.75,TRUE
"V7G4C","M","Not Hispanic or Latino","White",30.6,"M","TD",27.69,TRUE
"V7G5A","M","Not Hispanic or Latino","More Than One Race",20.2,"M","ASD",92.67,FALSE
"V7H4V","M","Not Hispanic or Latino","White",18.43,"M","ASD",74.7,FALSE
"V7Q4T","M","Not Hispanic or Latino","White",17.77,"M","ASD",99.43,FALSE
"V7Y3Z","M","Not Hispanic or Latino","White",13.53,"M","TD",93.78,TRUE
"V8M2E","F","Not Hispanic or Latino","White",15.23,"F","ASD",46.14,FALSE
"V8R2T","M","Hispanic or Latino","Asian",42.13,"M","ASD",50.62586307,FALSE
"V9C4P","M","Hispanic or Latino","White",18.2,"M","ASD",14.8,FALSE
"V9D3X","M","Not Hispanic or Latino","More Than One Race",17.9,"M","ASD",78.18,FALSE
"V9E8G","M","Not Hispanic or Latino","White",29.83,"M","ASD",90.59,FALSE
"V9F9L","F","Hispanic or Latino","Black or African American",30.73,"F","TD",88.41,TRUE
"V9P2G","F","Not Hispanic or Latino","White",37.43,"F","TD",54.99,TRUE
"W2C3S","M","Hispanic or Latino","White",30.8,"M","TD",71.91,TRUE
"W2J5E","M","Not Hispanic or Latino","White",18,"M","TD",94.65,TRUE
"W2N8Y","F","Unknown or not reported","Unknown or not reported",45.1,"F","TD",46.14,TRUE
"W2P4Q","F","Not Hispanic or Latino","White",31,"F","ASD",93.79,FALSE
"W2S5J","M","Not Hispanic or Latino","White",14.2,"M","TD",91.34,TRUE
"W2V9H","M","Not Hispanic or Latino","White",36.23,"M","TD",76.01,TRUE
"W2W3D","M","Hispanic or Latino","Unknown or not reported",13.9,"M","TD",89.26,TRUE
"W2X4H","F","Not Hispanic or Latino","Unknown or not reported",29.8,"F","TD",92.31,TRUE
"W2Z3X","M","Hispanic or Latino","White",12.63,"M","TD",99.03,TRUE
"W3F9B","M","Not Hispanic or Latino","White",29.67,"M","TD",53.07,TRUE
"W3H7G","M","Not Hispanic or Latino","More than one race",46,"M","ASD",77.15,FALSE
"W3J7B","M","Hispanic or Latino","White",29.7,"M","ASD",71.71,FALSE
"W3L6E","F","Not Hispanic or Latino","White",15,"F","TD",78.54,TRUE
"W3U8R","F","Not Hispanic or Latino","More Than One Race",44.73,"F","ASD",36.77878124,FALSE
"W3V3W","M","Hispanic or Latino","White",39.37,"M","TD",48.91,TRUE
"W4A3G","M","Not Hispanic or Latino","White",28.87,"M","ASD",53.84,FALSE
"W4B6T","M","Not Hispanic or Latino","White",37.53,"M","ASD",79.41748729,FALSE
"W4C3U","M","Not Hispanic or latino","Asian",19.6,"M","TD",95.25,TRUE
"W4C5D","M","Not Hispanic or Latino","Hawaiian or Pacific Islander",14,"M","TD",87.58,TRUE
"W4E3V","M","Not Hispanic or Latino","Black or African American",23.37,"M","TD",60.39,TRUE
"W4K8G","M","Hispanic or Latino","Unknown or not reported",21.27,"M","ASD",36.02,FALSE
"W4Q3C","M","Not Hispanic or Latino","Asian",44.57,"M","ASD",59.45,FALSE
"W4S5X","F","Not Hispanic or Latino","White",32.33,"F","TD",82.01,TRUE
"W5D4Z","F","Hispanic or Latino","White",22.3,"F","TD",76.08,TRUE
"W5H5Z","M","Not Hispanic or Latino","Black or African American",36.4,"M","TD",75.15,TRUE
"W5H7V","F","Not Hispanic or Latino","Asian",36.97,"F","TD",67.94,TRUE
"W5R5S","F","Not Hispanic or Latino","White",44.87,"F","TD",28.85,TRUE
"W5X5J","F","Hispanic or Latino","White",19.87,"F","TD",93.32,TRUE
"W6A8W","M","Not Hispanic or Latino","White",42.77,"M","ASD",73.96,FALSE
"W6B4N","M","Hispanic or Latino","White",33.03,"M","TD",84.03438077,TRUE
"W6G8B","M","Not Hispanic or Latino","White",13.8,"M","ASD",97.65,FALSE
"W6M6C","M","Not Hispanic or Latino","White",19.53,"M","TD",94.76,TRUE
"W6Q5M","M","Not Hispanic or Latino","Black or African American",38.07,"M","TD",86.76,TRUE
"W6R6R","M","Not Hispanic or Latino","White",19.43,"M","TD",82.78,TRUE
"W7F8U","M","Not Hispanic or Latino","White",41.67,"M","ASD",35.65217391,FALSE
"W7K3V","M","Not Hispanic or Latino","White",38.27,"M","TD",69.04,TRUE
"W8C3M","F","Not Hispanic or Latino","White",18.17,"F","TD",96.88,TRUE
"W8T7F","M","Not Hispanic or Latino","Asian",12.7,"M","TD",93.45,TRUE
"W8U7M","M","Not Hispanic or Latino","Asian",38.33,"M","TD",72.74,TRUE
"W9B8H","M","Not Hispanic or Latino","White",13.8,"M","TD",71.02,TRUE
"W9C5V","M","Not Hispanic or Latino","Asian",30.1,"M","ASD",62.94,FALSE
"W9L9E","M","Not Hispanic or Latino","White",19.27,"M","ASD",87.43,FALSE
"W9N5P","F","Not Hispanic or Latino","White",26.97,"F","TD",83.78,TRUE
"X2C3C","M","Hispanic or Latino","White",23,"M","ASD",84.28,FALSE
"X2S5F","M","Unknown or not reported","Unknown or not reported",13.63,"M","ASD",71.37,FALSE
"X2S8X","M","Not Hispanic or Latino","More than one race",29.23,"M","ASD",55.31,FALSE
"X2V8T","F","Unknown or not reported","Unknown or not reported",31.93,"F","TD",50.67,TRUE
"X2W8Z","F","Hispanic or Latino","Unknown or not reported",20.7,"F","ASD",82.47,FALSE
"X3A4A","M","Hispanic or Latino","White",14.7,"M","ASD",26.7,FALSE
"X3J7K","M","Not Hispanic or Latino","White",39.73,"M","ASD",48.65,FALSE
"X3N7Y","M","Not Hispanic or Latino","White",28.9,"M","ASD",59.85,FALSE
"X3P3Q","M","Not Hispanic or Latino","White",31.7,"M","TD",95.94,TRUE
"X3S6E","M","Not Hispanic or Latino","Asian",19.03,"M","ASD",50.88,FALSE
"X4K4Y","F","Hispanic or Latino","White",39.17,"F","TD",80.4,TRUE
"X5A8F","M","Hispanic or Latino","White",27.17,"M","TD",86.82,TRUE
"X5D6F","M","Not Hispanic or Latino","Asian",27.77,"M","TD",77.81,TRUE
"X5K2F","F","Not Hispanic or Latino","White",30.3,"F","TD",63.96,TRUE
"X5T6Z","F","Hispanic or Latino","White",37.17,"F","TD",76.85,TRUE
"X6J7N","M","Not hispanic or latino ","White",24.07,"M","TD",90.44,TRUE
"X6T8W","M","Hispanic or Latino","White",41.63,"M","ASD",52.35763411,FALSE
"X6X9W","M","Not Hispanic or Latino","White",33.77,"M","TD",78.17,TRUE
"X7P3U","F","Not Hispanic or Latino","Black or African American",43.4,"F","ASD",33.54,FALSE
"X7S3D","M","Not Hispanic or Latino","White",13.53,"M","ASD",45.11,FALSE
"X7T8X","M","Not Hispanic or Latino","White",16.87,"M","ASD",64.01,FALSE
"X7U5A","F","Not Hispanic or Latino","White",34.67,"F","TD",81.21,TRUE
"X7Y2J","M","Not Hispanic or Latino","White",21.2,"M","ASD",47.14,FALSE
"X8A3U","F","Not Hispanic or Latino","More than one race",39.5,"F","TD",78.1,TRUE
"X8G5T","M","Not Hispanic or Latino","White",29.97,"M","TD",87.31,TRUE
"X8M6N","F","Not Hispanic or Latino","White",24.07,"F","ASD",73.17,FALSE
"X8T6R","M","Not Hispanic or Latino","Asian ",16.83,"M","TD",97.98,TRUE
"X9E5G","M","Hispanic or Latino","White",32.33,"M","ASD",19.49,FALSE
"X9J2D","M","Hispanic or Latino","White",40.17,"M","ASD",81.39,FALSE
"X9R6E","F","Not Hispanic or Latino","White",28.6,"F","TD",97.68,TRUE
"X9U8U","F","Not Hispanic or Latino","White",12.27,"F","TD",91.6,TRUE
"X9Z2F","M","Not Hispanic or Latino","White",19.4,"M","ASD",79.11,FALSE
"Y2B4P","M","Hispanic or Latino","Unknown or not reported",21.03,"M","ASD",33.04,FALSE
"Y2D7J","F","Not Hispanic or Latino","White",39.37,"F","ASD",48.19,FALSE
"Y2D9R","F","Unknown or not reported","Unknown or not reported",44.87,"F","TD",63.05,TRUE
"Y2G9Y","M","Not Hispanic or Latino","White",12.73,"M","ASD",91.85,FALSE
"Y2L3Q","M","Hispanic or Latino","White",19.93,"M","ASD",17.39,FALSE
"Y2P2Z","M","Hispanic or Latino","White",14.4,"M","TD",96.73,TRUE
"Y2S9F","F","Not Hispanic or Latino","Asian",15.37,"F","ASD",91.54,FALSE
"Y2V5K","F","Not Hispanic or Latino","White",44.47,"F","TD",39.97,TRUE
"Y2V7F","F","Not Hispanic or Latino","Asian",37.27,"F","ASD",34.65358148,FALSE
"Y2V9B","F","Not Hispanic or Latino","White",33.03,"F","TD",84.53,TRUE
"Y4L9R","M","Hispanic or Latino","Unknown or not reported",38.63,"M","ASD",62.34,FALSE
"Y4M7D","F","Not Hispanic or Latino","White",36.5,"F","TD",87.81,TRUE
"Y4R7F","M","Hispanic or Latino","Unknown or not reported",18.2,"M","TD",97.11,TRUE
"Y5A3B","F","Not Hispanic or Latino","White",21.2,"F","TD",87.09,TRUE
"Y5C5W","F","Hispanic or Latino","White",40.03,"F","ASD",46.87,FALSE
"Y5J6L","M","Not Hispanic or Latino","White",41.2,"M","TD",53.11,TRUE
"Y5L2J","F","Not Hispanic or Latino","White",20.07,"F","ASD",42.74,FALSE
"Y5W6F","M","Not Hispanic or Latino","White",18.7,"M","ASD",97.13,FALSE
"Y6D7Z","F","Unknown or not reported","Unknown or not reported",20.77,"F","ASD",53.77,FALSE
"Y6G2U","F","Not Hispanic or Latino","White",42.2,"F","ASD",93.91,FALSE
"Y6P6J","F","Hispanic or Latino","White",27,"F","ASD",88.7,FALSE
"Y6S5G","F","Not Hispanic or Latino","Unknown or not reported",13.9,"F","ASD",99.06,FALSE
"Y6X3H","M","Not Hispanic or Latino","White",30,"M","TD",58.4,TRUE
"Y7D2Z","M","Hispanic or Latino","Unknown or not reported",21.5,"M","ASD",19.42,FALSE
"Y7Q9W","M","Not Hispanic or Latino","Asian",47.27,"M","ASD",51.23833496,FALSE
"Y7S3A","F","Hispanic or Latino","Unknown or not reported",39.4,"F","ASD",26.49,FALSE
"Y7U6T","M","Not Hispanic or Latino","White",34.2,"M","TD",61.6,TRUE
"Y7Z9J","M","Not Hispanic or Latino","Asian",13.93,"M","ASD",68.55,FALSE
"Y8A8S","F","Not Hispanic or Latino","White",18.8,"F","ASD",91.8,FALSE
"Y8B8M","M","Hispanic or Latino","More than one race",20.7,"M","TD",22.49,TRUE
"Y8J7Y","M","Not Hispanic or Latino","White",34.1,"M","TD",67.59,TRUE
"Y8Q8N","F","Hispanic or Latino","White",14.2,"F","TD",93.46,TRUE
"Y8R6M","M","Not Hispanic or Latino","Asian",33.83,"M","TD",84.55,TRUE
"Y8U5K","M","Hispanic or Latino","White",30,"M","ASD",35.07,FALSE
"Y9B7D","F","Not Hispanic or Latino","More than one race",12.5,"F","TD",64.14,TRUE
"Y9F7S","F","Hispanic or Latino","White",18.57,"F","ASD",98.81,FALSE
"Y9K3E","M","Hispanic or Latino","White",15.5,"M","TD",95.56,TRUE
"Y9L3L","M","Not Hispanic or Latino","Asian",12.7,"M","ASD",97.04,FALSE
"Y9R5D","M","Not Hispanic or Latino","White",28.5,"M","ASD",89.97,FALSE
"Z2G4U","M","Not Hispanic or Latino","White",13.83,"M","ASD",54.94,FALSE
"Z2G8L","M","Not Hispanic or Latino","More than one race",18.5,"M","ASD",16.47,FALSE
"Z2N4L","M","Not Hispanic or Latino","White",13.77,"M","TD",63.29,TRUE
"Z2N9Y","F","Not Hispanic or Latino","White",25.93,"F","TD",85.17,TRUE
"Z3C4T","F","Unknown or not reported","Unknown or not reported",26.87,"F","ASD",34.06,FALSE
"Z3D2S","M","Hispanic or Latino","White",24.5,"M","ASD",82.7,FALSE
"Z3F2G","F","Not Hispanic or Latino","White",23.63,"F","TD",64.61,TRUE
"Z3J7Q","F","Unknown or not reported","Unknown or not reported",39.8,"F","TD",43.82,TRUE
"Z3M3U","F","Not Hispanic or Latino","White",13,"F","ASD",93.92,FALSE
"Z3Y3U","F","Hispanic or Latino","White",29.03,"F","ASD",53.94,FALSE
"Z4B4N","F","Not Hispanic or Latino","Hawaiian or Pacific Islander",29,"F","ASD",55.37,FALSE
"Z4D3R","M","Not Hispanic or Latino","White",28.17,"M","ASD",50.27,FALSE
"Z4H7K","F","Hispanic or Latino","Unknown or not reported",29,"F","ASD",90.16,FALSE
"Z4Q8F","M","Not Hispanic or Latino","White",14.87,"M","ASD",96.57,FALSE
"Z4V7R","M","Not Hispanic or Latino","White",16.67,"M","TD",86.4,TRUE
"Z5A9J","F","Not Hispanic or Latino","White",20.1,"F","TD",81.01,TRUE
"Z5T7E","F","Hispanic or Latino","White",19.23,"F","ASD",69.61,FALSE
"Z6A9K","M","Not Hispanic or Latino","More than one race",15,"M","TD",23.42,TRUE
"Z6M8Y","F","Hispanic or Latino","Unknown or not reported",22.77,"F","TD",86.11,TRUE
"Z6U2X","M","Not Hispanic or Latino","White",15.1,"M","ASD",68.38,FALSE
"Z6U5E","M","Hispanic or Latino","White",35.17,"M","ASD",52.23,FALSE
"Z6V5X","F","Not Hispanic or Latino","White",25.03,"F","TD",59.39,TRUE
"Z7A9L","M","Not Hispanic or Latino","White",19.67,"M","ASD",89.52,FALSE
"Z7B8U","F","Not Hispanic or Latino","Black or African American",20.2,"F","ASD",31,FALSE
"Z7D4F","M","Not Hispanic or Latino","Asian",20.4,"M","ASD",87.2,FALSE
"Z7H3W","M","Hispanic or Latino","More Than One Race",21.77,"M","ASD",52.41,FALSE
"Z7M3M","M","Not Hispanic or Latino","Unknown or not reported",19.4,"M","ASD",82.46,FALSE
"Z7N5P","F","Not Hispanic or Latino","More than one race",37.7,"F","ASD",18.08,FALSE
"Z7T4Z","F","Not Hispanic or Latino","More Than One Race",41.43,"F","ASD",82.72,FALSE
"Z7U6D","M","Not Hispanic or Latino","White",41.27,"M","ASD",41.17,FALSE
"Z7Y2C","M","Not Hispanic or Latino","Asian",28.8,"M","ASD",64.8,FALSE
"Z8M9M","F","Not Hispanic or Latino","White",13.63,"F","TD",73.5,TRUE
"Z8R7T","F","Unknown or not reported","Unknown or not reported",40.77,"F","ASD",57.33,FALSE
"Z8S2Y","F","Not Hispanic or Latino","More than one race",16.07,"F","TD",81.32,TRUE
"Z9A7F","M","Hispanic or Latino","Unknown or not reported",15.27,"M","ASD",78.39,FALSE
"Z9C6V","M","Not Hispanic or Latino","White",45.77,"M","ASD",83.38,FALSE
"Z9J9F","M","Not Hispanic or Latino","White",45.2,"M","ASD",42.68,FALSE
"Z9M8Q","M","Hispanic or Latino","Unknown or not reported",19.73,"M","TD",96.39,TRUE
"n6c6s","M","Hispanic or Latino","Unknown or not reported",15.17,"M","ASD",50.63,FALSE
